pf_number,course_code
2020AM10673,APL302
2020AM10290,APL302
2020AM10665,APL302
2020AM10646,APL302
2020AM10651,APL302
2020ME10913,APL302
2020AM10643,APL302
2020AM10655,APL302
2020AM10645,APL302
2020AM10666,APL302
2020AM10647,APL302
2020AM10660,APL302
2020AM10669,APL302
2020AM10771,APL302
2020AM10670,APL302
2020AM10083,APL302
2020AM10636,APL302
2020AM10652,APL302
2020AM10668,APL302
2020AM10662,APL302
2020AM10650,APL302
2020AM10638,APL302
2020AM10674,APL302
2020AM10654,APL302
2020AM10659,APL302
2020AM10664,APL302
2020AM10637,APL302
2020AM10644,APL302
2020AM10663,APL302
2020AM10641,APL302
2020AM10653,APL302
2020AM10640,APL302
2020AM11021,APL302
2020AM10129,APL302
2020AM10658,APL302
2020AM10657,APL302
2020AM10661,APL302
2022AMA2268,APL734
2022AMA2277,APL734
2022AMY7559,APL734
2022AMA2278,APL734
2022AMZ8098,APL734
2022AMA2262,APL734
2022AMA2280,APL734
2022AMA2292,APL734
2022AMA2286,APL734
2022AMA2296,APL734
2022AMA2272,APL734
2021AMZ8307,APL734
2022AMA2281,APL734
2022AMA2274,APL734
2022AMA2291,APL734
2022AMA2283,APL734
2022AMA2305,APL734
2022AMZ8087,APL734
2022AMA2289,APL734
2022AMA2297,APL734
2022AMA2265,APL734
2022AMA2293,APL734
2022AMA2290,APL734
2022AMA2271,APL734
2022AMA2273,APL734
2022AMA2282,APL734
2022AMA2302,APL734
2022AMA2288,APL734
2022AMA2309,APL734
2022AMA2299,APL734
2022AMA2287,APL734
2022AMA2306,APL734
2022AMA2285,APL734
2022AMA2308,APL734
2022AMA2260,APL734
2022AMA2275,APL734
2022AMA2279,APL734
2022AMA2298,APL734
2022AMA2304,APL734
2022AMA2725,APL734
2022AMA2259,APL734
2022AMA2777,APL734
2022AMA2261,APL734
2022AMA2294,APL734
2022AMA2303,APL734
2022AMA2264,APL734
2022AMA2301,APL734
2022AMA2266,APL734
2022AMA2726,APL734
2022AMA2788,APL734
2021AMA2633,APL734
2022AMA2300,APL734
2021AMY7588,APL734
2022AMA2267,APL734
2022AMA2269,APL734
2022AMA2276,APL734
2021AMA2101,APL734
2022AMA2258,APL734
2022AMA2263,APL734
2022AMA2307,APL734
2021AMA2637,APL771
2021AMA2090,APL771
2022CEY7524,APL771
2021MET2057,APL771
2021AMA2083,APL771
2021AMA2636,APL771
2021AMA2629,APL771
2021AMA2631,APL771
2021AMA2106,APL771
2021AMA2077,APL771
2021AMA2061,APL771
2022AMY7554,APL771
2022AMZ8088,APL771
2021MET2867,APL771
2021AMA2094,APL771
2021AMA2634,APL771
2021AMA2630,APL771
2021AMA2091,APL771
2021AMA2067,APL771
2022AMZ8089,APL771
2022AMY7556,APL771
2021AMA2080,APL771
2021AMA2096,APL771
2021AMA2099,APL771
2021AMA2071,APL771
2021AMA2065,APL771
2021AMA2081,APL771
2021AMA2089,APL771
2021MET2660,APL771
2021AMA2082,APL771
2021AMA2098,APL771
2022QIZ8056,ASL733
2022AST2330,ASL733
2022AST2334,ASL733
2022AST2340,ASL733
2022AST2331,ASL733
2022AST2341,ASL733
2022ASZ8031,ASL733
2022ASZ8034,ASL733
2022ASZ8033,ASL733
2021AMZ8301,ASL733
2019EE10472,ASL733
2022AST2860,ASL733
2022AST2339,ASL733
2021BLZ8477,ASL733
2022ASZ8370,ASL733
2022AST2335,ASL733
2022AST2328,ASL733
2022AST2326,ASL733
2022AST2327,ASL733
2022ASZ8030,ASL733
2020BB10009,BBL331
2020BB10033,BBL331
2020BB10038,BBL331
2020BB10042,BBL331
2020BB10062,BBL331
2020BB10023,BBL331
2020BB10048,BBL331
2020BB10008,BBL331
2020BB10013,BBL331
2020BB10061,BBL331
2020BB10019,BBL331
2020BB10012,BBL331
2020BB10064,BBL331
2020BB10045,BBL331
2020BB10037,BBL331
2020BB10054,BBL331
2020BB10036,BBL331
2020BB10005,BBL331
2020BB10034,BBL331
2020BB10026,BBL331
2020BB10006,BBL331
2020BB10022,BBL331
2020BB10014,BBL331
2020BB10056,BBL331
2020BB10039,BBL331
2020BB10046,BBL331
2020BB10010,BBL331
2020BB10058,BBL331
2020BB10047,BBL331
2020BB10043,BBL331
2019BB10034,BBL331
2020BB10007,BBL331
2020BB10002,BBL331
2020BB10067,BBL331
2020BB10004,BBL331
2020BB10020,BBL331
2020BB10057,BBL331
2020BB10003,BBL331
2020BB10059,BBL331
2020BB10063,BBL331
2020BB10040,BBL331
2020BB10011,BBL331
2020BB10066,BBL331
2020BB10060,BBL331
2020BB10031,BBL331
2020BB10050,BBL331
2020BB10021,BBL331
2020BB10065,BBL331
2020BB11187,BBL331
2020BB10032,BBL331
2020BB10028,BBL331
2020BB10029,BBL331
2020BB10044,BBL331
2020BB10052,BBL331
2020BB10051,BBL331
2020BB10025,BBL331
2020BB10041,BBL331
2020BB10049,BBL331
2020BB10016,BBL331
2022VST9010,BBL331
2020BB10001,BBL331
2020BB10027,BBL331
2020BB10018,BBL331
2020BB10030,BBL331
2020BB10035,BBL331
2019BB10032,BBL732
2019BB10017,BBL732
2019BB10005,BBL732
2019BB10016,BBL732
2019BB10059,BBL732
2018BB10004,BBL732
2019BB10045,BBL732
2019BB10018,BBL732
2019BB10062,BBL732
2019BB10043,BBL732
2019BB10050,BBL732
2019BB10047,BBL732
2019BB10008,BBL732
2019BB10020,BBL732
2019BB10030,BBL732
2019BB10026,BBL732
2019BB10046,BBL732
2019BB10013,BBL732
2019BB10066,BBL732
2019BB10036,BBL732
2019BB10065,BBL732
2017BB10043,BBL732
2019BB10042,BBL732
2019BB10039,BBL732
2019BB10011,BBL732
2018BB50065,BBL732
2019BB10019,BBL732
2019BB10048,BBL732
2019BB10012,BBL732
2019BB10040,BBL732
2019BB10041,BBL732
2019BB10060,BBL732
2019BB10024,BBL732
2018BB50052,BBL732
2019BB10025,BBL732
2018BB50060,BBL732
2019BB10035,BBL732
2019BB10004,BBL732
2019BB10010,BBL732
2019BB10022,BBL732
2019BB11068,BBL732
2019BB10054,BBL732
2019BB10064,BBL732
2019BB10049,BBL732
2019BB10027,BBL732
2019BB10021,BBL732
2019BB10031,BBL732
2019BB10033,BBL732
2019BB10044,BBL732
2022VSN9003,BBL732
2019BB10001,BBL732
2018BB10016,BBL732
2019BB10029,BBL732
2019BB10028,BBL732
2019BB10052,BBL732
2019BB10015,BBL732
2019BB10003,BBL732
2018BB10010,BBL732
2019BB10037,BBL732
2021SRZ8447,BBL732
2019BB10058,BBL732
2019BB10063,BBL732
2019BB10055,BBL732
2019BB10014,BBL732
2018BB10005,BBL732
2019BB10067,BBL732
2017BB50052,BBL732
2022BEZ8353,BBL771
2022BEZ8354,BBL771
2022BEZ8352,BBL771
2022SRZ8371,BBL771
2022BEM2417,BBL771
2022BEM2415,BBL771
2022BEZ8360,BBL771
2022QIZ8045,BBL771
2022BEM2406,BBL771
2022BEM2408,BBL771
2022BEM2416,BBL771
2022SRZ8375,BBL771
2022BEM2410,BBL771
2022BEM2405,BBL771
2022BEM2412,BBL771
2022BEM2413,BBL771
2022BEM2414,BBL771
2022BEZ8359,BBL771
2022BEM2418,BBL771
2022BEY7568,BBL771
2022BEZ8358,BBL771
2022BEM2411,BBL771
2021TTZ2762,BMV701
2022BMZ2342,BMV701
2022BMT2346,BMV701
2022BMT2343,BMV701
2022BMT2344,BMV701
2022BMT2774,BMV701
2020MS10758,CLL110
2021BB10368,CLL110
2021CH10409,CLL110
2021BB10354,CLL110
2021CH10373,CLL110
2021CH70463,CLL110
2021BB10356,CLL110
2016BB10065,CLL110
2021BB10010,CLL110
2021CH70445,CLL110
2021CH70437,CLL110
2020MS10761,CLL110
2018CH70309,CLL110
2021BB10347,CLL110
2021BB10319,CLL110
2020MS10746,CLL110
2021BB10315,CLL110
2021BB10355,CLL110
2020MS10769,CLL110
2021BB10336,CLL110
2021CH10420,CLL110
2020MS10754,CLL110
2021BB10326,CLL110
2021BB10338,CLL110
2021BB10337,CLL110
2021CH70436,CLL110
2021CH70444,CLL110
2021CH70451,CLL110
2021BB10340,CLL110
2021BB10344,CLL110
2021CH70469,CLL110
2020MS10760,CLL110
2021CH10020,CLL110
2021BB10314,CLL110
2020MS10741,CLL110
2021CH70454,CLL110
2021CH10377,CLL110
2021CH10431,CLL110
2021CH10371,CLL110
2021CH10429,CLL110
2021BB10006,CLL110
2021BB10342,CLL110
2021CH10372,CLL110
2021BB10311,CLL110
2021CH70467,CLL110
2020MS10747,CLL110
2021CH10423,CLL110
2021BB10357,CLL110
2021BB10352,CLL110
2021BB10366,CLL110
2021CH70462,CLL110
2021CH10418,CLL110
2021CH10395,CLL110
2021CH10412,CLL110
2021CH10428,CLL110
2020MS10759,CLL110
2020MS10743,CLL110
2018BB50066,CLL110
2021CH70455,CLL110
2020MS10740,CLL110
2020MS10765,CLL110
2021CH10379,CLL110
2017BB10011,CLL110
2021CH70460,CLL110
2020MS10757,CLL110
2021CH10023,CLL110
2021BB10348,CLL110
2021CH10411,CLL110
2021CH10378,CLL110
2020CH70173,CLL110
2021CH70457,CLL110
2021CH10397,CLL110
2020MS10764,CLL110
2021BB10008,CLL110
2021CH70464,CLL110
2021CH70031,CLL110
2021BB10003,CLL110
2021CH10376,CLL110
2021BB10350,CLL110
2021BB10351,CLL110
2021BB10332,CLL110
2021CH10016,CLL110
2021BB10364,CLL110
2020MS10770,CLL110
2021BB10321,CLL110
2021BB10367,CLL110
2021CH70453,CLL110
2021CH10432,CLL110
2021CH10382,CLL110
2021CH10390,CLL110
2021CH10415,CLL110
2021CH70458,CLL110
2021CH70435,CLL110
2021CH10374,CLL110
2021BB10322,CLL110
2021CH10375,CLL110
2021BB10358,CLL110
2021BB11203,CLL110
2020MS10756,CLL110
2021BB10005,CLL110
2021CH10424,CLL110
2021BB10317,CLL110
2021CH10427,CLL110
2021CH70465,CLL110
2021CH10404,CLL110
2021CH10430,CLL110
2021CH10421,CLL110
2021BB10329,CLL110
2021BB10013,CLL110
2021CH10385,CLL110
2021CH10386,CLL110
2021BB10310,CLL110
2021BB10011,CLL110
2020CH10080,CLL110
2021CH10393,CLL110
2021CH10396,CLL110
2020MS10762,CLL110
2021BB10012,CLL110
2021BB10334,CLL110
2020MS10766,CLL110
2021CH10025,CLL110
2020MS10767,CLL110
2021CH70449,CLL110
2020MS10753,CLL110
2021BB10320,CLL110
2021BB10328,CLL110
2021BB10324,CLL110
2021CH10018,CLL110
2021CH10024,CLL110
2021BB10004,CLL110
2021CH10399,CLL110
2020MS10768,CLL110
2021CH70032,CLL110
2021CH70033,CLL110
2020MS10751,CLL110
2020MS10772,CLL110
2021CH70456,CLL110
2021BB10009,CLL110
2020MS10774,CLL110
2020MS10745,CLL110
2020MS10742,CLL110
2021CH70026,CLL110
2021BB11214,CLL110
2021CH10403,CLL110
2020MS10750,CLL110
2021BB10362,CLL110
2021BB10343,CLL110
2021CH70027,CLL110
2020MS10737,CLL110
2020MS10755,CLL110
2021CH70440,CLL110
2021BB10323,CLL110
2021CH70443,CLL110
2020MS10763,CLL110
2021BB10002,CLL110
2021CH10426,CLL110
2020MS10749,CLL110
2021CH70030,CLL110
2021BB10341,CLL110
2021BB10316,CLL110
2021CH10406,CLL110
2021BB10345,CLL110
2021CH70459,CLL110
2021BB10335,CLL110
2021CH10331,CLL110
2021CH10439,CLL110
2021CH11045,CLL110
2021CH10413,CLL110
2021CH70028,CLL110
2021CH70438,CLL110
2021BB10312,CLL110
2021CH70448,CLL110
2021CH70029,CLL110
2016BB10058,CLL110
2021BB11206,CLL110
2021BB10370,CLL110
2021CH10400,CLL110
2021CH10419,CLL110
2021BB10349,CLL110
2020MS10739,CLL110
2021MS10880,CLL110
2021CH10394,CLL110
2021BB10339,CLL110
2020MS10773,CLL110
2021CH10388,CLL110
2021CH10015,CLL110
2021CH10422,CLL110
2021CH10019,CLL110
2021CH70433,CLL110
2020MS10775,CLL110
2020MS10748,CLL110
2018BB10036,CLL110
2021BB10359,CLL110
2021CH10381,CLL110
2021CH70452,CLL110
2021CH70450,CLL110
2021CH10401,CLL110
2021CH10402,CLL110
2021CH10408,CLL110
2021CH10380,CLL110
2020BB10055,CLL110
2020CH70167,CLL110
2021CH10414,CLL110
2021CH10410,CLL110
2021BB10365,CLL110
2021BB11210,CLL110
2021CH70447,CLL110
2021CH10425,CLL110
2021CH10021,CLL110
2011TT10894,CLL110
2021CH70441,CLL110
2021CH10417,CLL110
2021CH10022,CLL110
2021BB10327,CLL110
2021CH70446,CLL110
2021BB11205,CLL110
2021CH10416,CLL110
2021CH70468,CLL110
2021BB10353,CLL110
2021CH10407,CLL110
2021BB10361,CLL110
2021BB10007,CLL110
2013BB50002,CLL110
2021BB10333,CLL110
2021CH10387,CLL110
2021CH10398,CLL110
2019CH10132,CLL222
2020CH70168,CLL222
2019CH10057,CLL222
2020CH70204,CLL222
2020CH10117,CLL222
2020CH10141,CLL222
2020CH10139,CLL222
2018CH10241,CLL222
2020CH70189,CLL222
2019CH10095,CLL222
2020CH70192,CLL222
2020CH70188,CLL222
2020CH10098,CLL222
2020CH70169,CLL222
2019CH10118,CLL222
2019CH70198,CLL222
2020CH10078,CLL222
2020CH10125,CLL222
2020CH10084,CLL222
2020CH10133,CLL222
2020CH10130,CLL222
2020CH10079,CLL222
2019CH10113,CLL222
2016CH10141,CLL222
2019CH70167,CLL222
2020CH10115,CLL222
2020CH10116,CLL222
2020CH10105,CLL222
2020CH70164,CLL222
2020CH10093,CLL222
2020CH70202,CLL222
2020CH70157,CLL222
2019CH70196,CLL222
2020CH10126,CLL222
2020CH10120,CLL222
2020CH10072,CLL222
2020CH70205,CLL222
2019CH10127,CLL222
2020CH70153,CLL222
2018CH70278,CLL222
2020CH10082,CLL222
2020CH10102,CLL222
2020CH10100,CLL222
2020CH10109,CLL222
2020CH70156,CLL222
2020CH10110,CLL222
2020CH70181,CLL222
2018CH10225,CLL222
2019CH70194,CLL222
2020CH70186,CLL222
2020CH10069,CLL222
2020CH70190,CLL222
2020CH10142,CLL222
2019CH71069,CLL222
2020CH10185,CLL222
2019CH10100,CLL222
2020CH70193,CLL222
2019CH70199,CLL222
2020CH70175,CLL222
2020CH70191,CLL222
2020CH10101,CLL222
2019CH10099,CLL222
2019CH10112,CLL222
2020CH70201,CLL222
2020CH70166,CLL222
2020CH70178,CLL222
2020CH70182,CLL222
2020CH70198,CLL222
2016CH10104,CLL222
2020CH70183,CLL222
2020CH10121,CLL222
2020CH70179,CLL222
2019CH70170,CLL222
2019CH70186,CLL222
2019CH10087,CLL222
2020CH10081,CLL222
2019CH10076,CLL222
2020CH10068,CLL222
2020CH10112,CLL222
2019CH70156,CLL222
2019CH10091,CLL222
2020CH10085,CLL222
2019CH10073,CLL222
2020CH70196,CLL222
2019CH70178,CLL222
2019CH71064,CLL222
2019CH10111,CLL222
2020CH10104,CLL222
2020CH10131,CLL222
2019CH10085,CLL222
2020CH10070,CLL222
2020CH70203,CLL222
2020CH70180,CLL222
2020CH10135,CLL222
2020CH10096,CLL222
2020CH70184,CLL222
2019CH10074,CLL222
2020CH70151,CLL222
2020CH70197,CLL222
2020CH70165,CLL222
2020CH10090,CLL222
2020CH10086,CLL222
2020CH10091,CLL222
2020CH10134,CLL222
2019CH10960,CLL222
2020CH10088,CLL222
2017CH70273,CLL222
2020CH70162,CLL222
2019CH70203,CLL222
2020CH70171,CLL222
2019CH10148,CLL222
2020CH10132,CLL222
2020CH70158,CLL222
2020CH10136,CLL222
2020CH10077,CLL222
2020CH10073,CLL222
2019CH70154,CLL222
2020CH10119,CLL222
2019CH10958,CLL222
2020CH10124,CLL222
2020CH70195,CLL222
2020CH70174,CLL222
2020CH10140,CLL222
2020CH10106,CLL222
2020CH10071,CLL222
2020CH70170,CLL222
2019CH70191,CLL222
2019CH70182,CLL222
2020CH70161,CLL222
2020CH70199,CLL222
2020CH70172,CLL222
2020CH10147,CLL222
2019CH70150,CLL222
2020CH10138,CLL222
2020CH70160,CLL222
2020CH10145,CLL222
2020CH10099,CLL222
2020CH10107,CLL222
2019CH10097,CLL222
2020CH10137,CLL222
2019CH10109,CLL222
2020CH70176,CLL222
2020CH10118,CLL222
2019CH10141,CLL222
2020CH70155,CLL222
2020CH10108,CLL222
2020CH10113,CLL222
2020CH10075,CLL222
2020CH10095,CLL222
2020CH10074,CLL222
2019CH10142,CLL222
2020CH10076,CLL222
2020CH70177,CLL222
2020CH10111,CLL222
2020CH10092,CLL222
2019CH10124,CLL222
2020CH10146,CLL222
2020CH70187,CLL222
2019CH10093,CLL222
2019CH70180,CLL222
2019CH70197,CLL222
2020CH10097,CLL222
2020CH70194,CLL222
2020CH10149,CLL222
2020CH10148,CLL222
2019CH10126,CLL222
2020CH10114,CLL222
2020CH10089,CLL222
2020CH70150,CLL222
2021CHE2532,CLL723
2021CHE2560,CLL723
2018CH70280,CLL723
2021CHZ8619,CLL723
2021CHE2531,CLL723
2021CHE2564,CLL723
2019CH10094,CLL723
2019CH10117,CLL723
2021CHE2537,CLL723
2018CH70287,CLL723
2018CH70316,CLL723
2019CH10110,CLL723
2019CH10136,CLL723
2019CH70172,CLL723
2019CH70169,CLL723
2018CH70297,CLL723
2017CH10332,CLL723
2021CTE2886,CLL723
2021CHY7592,CLL723
2021CHE2563,CLL723
2019CH70151,CLL723
2018CH70277,CLL723
2022CHE2156,CLL723
2019CH10115,CLL723
2018CH70293,CLL723
2022CHE2140,CLL723
2022CHE2135,CLL723
2022CHE2162,CLL723
2022CHE2127,CLL723
2021ESN2613,CLL723
2022CHE2131,CLL723
2021CHE2536,CLL723
2021CHE2556,CLL723
2016CH70177,CLL723
2021ESN2628,CLL723
2022CHE2158,CLL723
2019CH10920,CLL723
2022CHE2157,CLL723
2018CH70282,CLL723
2018CH70299,CLL723
2018CH70289,CLL723
2022CHE2166,CLL723
2022CHE2133,CLL723
2019CH10080,CLL723
2018CH70303,CLL723
2022CHE2160,CLL723
2021CHE2572,CLL723
2021CHE2547,CLL723
2021SRZ8570,CLL780
2021CHZ8628,CLL780
2021QIZ8591,CLL780
2019CH10089,CLL780
2019CH70183,CLL780
2019CH70152,CLL780
2019CH70153,CLL780
2018CH70284,CLL780
2019CH10122,CLL780
2019CH10119,CLL780
2019CH10130,CLL780
2019CH71066,CLL780
2018CH70306,CLL780
2018CH10224,CLL780
2019CH10134,CLL780
2019CH10289,CLL780
2019CH10090,CLL780
2018CH70290,CLL780
2019CH10137,CLL780
2020CHY7635,CLL780
2019CH10114,CLL780
2019CH70175,CLL780
2019CH70192,CLL780
2018CH10206,CLL780
2019CH70149,CLL780
2019CH10071,CLL780
2022CHZ8178,CLL780
2018CH70273,CLL780
2019CH70177,CLL780
2022CHE2130,CLL780
2019CH70165,CLL780
2018CH70294,CLL780
2022CHZ8172,CLL780
2019CH70185,CLL780
2017CH10255,CLL780
2019CH10101,CLL780
2019CH70193,CLL780
2022CHE2138,CLL780
2022CHE2159,CLL780
2018CH70310,CLL780
2019CH10145,CLL780
2020SRZ8743,CLL780
2019CH10088,CLL780
2019CH10103,CLL780
2018CH70275,CLL787
2019CH10106,CLL787
2019CH70155,CLL787
2019CH70160,CLL787
2018CH70296,CLL787
2018CH70302,CLL787
2019CH70157,CLL787
2019CH70202,CLL787
2019CH70158,CLL787
2019CH70166,CLL787
2019CH70168,CLL787
2019CH10144,CLL787
2018CH70281,CLL787
2019CH70171,CLL787
2018CH70276,CLL787
2019CH10116,CLL787
2018CH70313,CLL787
2018CH70301,CLL787
2019CH70184,CLL787
2019CH70187,CLL787
2019CH70161,CLL787
2019CH70189,CLL787
2019CH70200,CLL787
2017CH70300,CLL787
2019CH70174,CLL787
2019CH70173,CLL787
2022QIZ8059,CLL787
2019CH70179,CLL787
2022CHZ8174,CLL787
2022CHZ8179,CLL787
2018CH70271,CLL787
2022CHZ8180,CLL787
2021CHZ8347,CLL787
2021CHZ8623,CLL787
2021CHE2545,CLL787
2019CH70162,CLL787
2019EE30607,CLL787
2019CH10078,CLL787
2019CH10072,CLL787
2021CYS7005,CML724
2022CYZ8305,CML724
2022CYZ8290,CML724
2022CYZ8296,CML724
2022CYZ8292,CML724
2022CYZ8289,CML724
2022CYZ8283,CML724
2021CYS7022,CML724
2021CYS7057,CML724
2021CHZ8620,CML801
2021CHZ8339,CML801
2021CYM2249,CML801
2021CYM2246,CML801
2022CYZ8306,CML801
2021CYZ8358,CML801
2022CYZ8308,CML801
2022CYZ8301,CML801
2021CYM2247,CML801
2022AMY7557,CML801
2022MSZ8065,CML801
2022CYZ8280,CML801
2022CYZ8299,CML801
2021CYM2255,CML801
2021CS50125,COL202
2021CS10564,COL202
2021CS10583,COL202
2021CS50612,COL202
2021CS10080,COL202
2021CS10097,COL202
2021CS10575,COL202
2021CS50128,COL202
2021CS50591,COL202
2021CS10113,COL202
2020CS50422,COL202
2021CS10560,COL202
2021CS10574,COL202
2021CS10563,COL202
2021CS10089,COL202
2021CS10077,COL202
2021CS10581,COL202
2021CS10073,COL202
2021CS10556,COL202
2021CS50599,COL202
2021CS50602,COL202
2021CS10108,COL202
2021CS10085,COL202
2021CS10118,COL202
2021CS50607,COL202
2021CS10107,COL202
2021CS50592,COL202
2021CS10111,COL202
2020CS10363,COL202
2021CS10116,COL202
2021CS10078,COL202
2021CS10082,COL202
2021CS50601,COL202
2021CS10582,COL202
2020CS10340,COL202
2021CS10572,COL202
2021CS10561,COL202
2021CS10566,COL202
2021CS10088,COL202
2021CS50605,COL202
2021CS50593,COL202
2021CS10103,COL202
2021CS10588,COL202
2021CS10106,COL202
2021CS50610,COL202
2021CS50615,COL202
2021CS10070,COL202
2021CS10072,COL202
2021CS50127,COL202
2021CS10109,COL202
2021CS50131,COL202
2021CS10105,COL202
2021CS50618,COL202
2021CS10120,COL202
2020CS10370,COL202
2021CS10555,COL202
2020CS10406,COL202
2021CS50124,COL202
2021CS10549,COL202
2021CS10096,COL202
2021CS50614,COL202
2021CS50129,COL202
2021CS10565,COL202
2021CS10586,COL202
2021CS50603,COL202
2021CS50595,COL202
2021CS10075,COL202
2021CS10069,COL202
2021CS50130,COL202
2021CS10569,COL202
2018CS50401,COL202
2021CS50126,COL202
2021CS50616,COL202
2020CS10381,COL202
2021CS10580,COL202
2021CS10100,COL202
2021CS10122,COL202
2021CS10567,COL202
2020CS50417,COL202
2020CS50428,COL202
2021CS10553,COL202
2021CS10115,COL202
2020CS50642,COL202
2021CS10554,COL202
2021CS10577,COL202
2021CS10095,COL202
2020CS10412,COL202
2021CS10121,COL202
2020CS10368,COL202
2021CS10552,COL202
2021CS10587,COL202
2021CS10578,COL202
2021CS10558,COL202
2021CS10585,COL202
2021CS50600,COL202
2021CS10090,COL202
2021CS50613,COL202
2021CS10084,COL202
2021CS10584,COL202
2021CS10559,COL202
2021CS10098,COL202
2021CS10074,COL202
2021CS10068,COL202
2021CS10081,COL202
2021CS50604,COL202
2021CS10093,COL202
2021CS50594,COL202
2021CS10550,COL202
2021CS10590,COL202
2021CS50596,COL202
2021CS10576,COL202
2021CS10573,COL202
2021CS10102,COL202
2021CS10546,COL202
2021CS10571,COL202
2021CS10083,COL202
2021CS50608,COL202
2021CS10114,COL202
2020CS10367,COL202
2021CS50611,COL202
2020CS10395,COL202
2021CS50606,COL202
2021CS10086,COL202
2021CS10551,COL202
2021CS10079,COL202
2021CS10092,COL202
2021CS50598,COL202
2021CS10548,COL202
2020CS10604,COL202
2021CS10557,COL202
2021CS10071,COL202
2021CS10087,COL202
2021CS50617,COL202
2021CS10112,COL202
2021CS10110,COL202
2021CS10076,COL202
2021CS10579,COL202
2021CS10101,COL202
2021CS10014,COL202
2021CS10134,COL202
2021CS10119,COL202
2021CS10229,COL202
2021CS10243,COL202
2021CS10639,COL202
2021CS10793,COL202
2021CS10891,COL202
2021CS50597,COL202
2021CS10914,COL202
2021CS10915,COL202
2021CS10917,COL202
2021CS10962,COL202
2021CS11010,COL202
2021CS50622,COL202
2021CS50746,COL202
2021CS50870,COL202
2021CS50948,COL202
2021CS51004,COL202
2021CS51086,COL202
2020CS10322,COL202
2020CS50446,COL202
2021CS10570,COL202
2021CS10099,COL202
2021CS50609,COL202
2021CS10589,COL202
2021CS10094,COL202
2020CS10331,COL202
2021CS10117,COL202
2018TT10372,COL202
2021CS11211,COL202
2020CS11190,COL202
2020CS10366,COL202
2021CS10104,COL202
2021CS10568,COL202
2021CS10547,COL202
2021CS10562,COL202
2021CS10091,COL202
2021CS10123,COL202
2019CS50417,COL703
2019CS50415,COL703
2019CS10361,COL703
2019CS50428,COL703
2019CS50440,COL703
2019CS51077,COL703
2019CS50448,COL703
2019CS50450,COL703
2019CS10325,COL703
2018CS50418,COL703
2019CS50435,COL703
2019CS50661,COL703
2019CS50419,COL703
2021MCS2134,COL703
2021MCS2150,COL703
2019CS51018,COL703
2020CS10393,COL703
2019CS50443,COL703
2019CS10344,COL703
2019CS10331,COL703
2019CS50129,COL703
2019CS50437,COL703
2019CS51065,COL703
2019CS10382,COL703
2019CS50430,COL703
2018CS50402,COL703
2019CS10337,COL703
2019CS10380,COL703
2019CS50433,COL703
2019CS50449,COL703
2019CS10369,COL703
2019CS50439,COL703
2019CS50447,COL703
2019CS10339,COL703
2019CS10347,COL703
2019CS50441,COL703
2019CS50434,COL703
2019CS50414,COL703
2019CS10392,COL703
2020CS10326,COL703
2019CS50438,COL703
2020CS50437,COL703
2019CS50445,COL703
2019CS10354,COL703
2018CS50098,COL703
2019CS50768,COL703
2019CS50422,COL703
2019CS50586,COL703
2019CS50617,COL703
2019CS10349,COL703
2019CS50506,COL703
2018CS50422,COL703
2019CS50471,COL703
2019CS50421,COL703
2018CS50646,COL703
2017CS50413,COL703
2019CS50426,COL703
2019CS50420,COL703
2019CS10395,COL703
2018CS50414,COL703
2019CS50436,COL703
2019CS50418,COL703
2019CS50416,COL703
2019CS50427,COL703
2019CS50425,COL703
2019CS10345,COL703
2019CS50429,COL703
2019CS50423,COL703
2019CS10329,COL703
2022CSY7516,COL703
2019CS10393,COL703
2017CS50406,COL703
2019CS10335,COL703
2014CS50287,COL703
2019CS10363,COL703
2017CS50404,COL703
2020CS10584,COL703
2019CS10386,COL703
2019CS50446,COL703
2019CS10365,COL703
2021MCS2135,COL703
2021MCS2133,COL703
2019CS50442,COL703
2019CS10406,COL703
2019CS50131,COL703
2019CS10333,COL703
2019CS10355,COL703
2018MT60777,COL765
2021MCS2126,COL765
2018ME10582,COL765
2022MCS2055,COL765
2022MCS2057,COL765
2022MCS2053,COL765
2022MCS2060,COL765
2022MCS2054,COL765
2022MCS2071,COL765
2022MCS2066,COL765
2019PH10665,COL765
2022MCS2061,COL765
2022MCS2067,COL765
2022MCS2058,COL765
2022MCS2070,COL765
2022MCS2052,COL765
2022MCS2063,COL765
2022MCS2056,COL765
2022MCS2062,COL765
2022MCS2064,COL765
2022MCS2059,COL765
2018BB10031,COL765
2022MCS2832,COL765
2022CSZ8276,COL765
2022MCS2065,COL765
2022PHZ8012,CRL725
2022IDZ8155,CRL725
2022SRZ8374,CRL725
2022PHZ8017,CRL725
2021IDZ8512,CRL725
2021CE10040,CVL121
2021CE10479,CVL121
2021CE10486,CVL121
2021CE10484,CVL121
2021CE10060,CVL121
2021CE10057,CVL121
2021CE10045,CVL121
2021CE10481,CVL121
2021CE10510,CVL121
2021CE10043,CVL121
2021CE10538,CVL121
2021CE10049,CVL121
2021CE10532,CVL121
2021CE10544,CVL121
2021CE10524,CVL121
2021CE10502,CVL121
2021CE10543,CVL121
2021CE10487,CVL121
2021CE10519,CVL121
2021CE10518,CVL121
2021CE10525,CVL121
2021CE10506,CVL121
2021CE10472,CVL121
2021CE10501,CVL121
2021CE10508,CVL121
2021CE10476,CVL121
2021CE10492,CVL121
2021CE10470,CVL121
2021CE10535,CVL121
2021CE10537,CVL121
2021CE10473,CVL121
2021CE10054,CVL121
2021CE10520,CVL121
2021CE10046,CVL121
2021CE10514,CVL121
2021CE10489,CVL121
2021CE10526,CVL121
2021CE10503,CVL121
2021CE10541,CVL121
2021CE10475,CVL121
2021CE10490,CVL121
2021CE10044,CVL121
2021CE10499,CVL121
2021CE10511,CVL121
2021CE10545,CVL121
2021CE10037,CVL121
2021CE10034,CVL121
2021CE10497,CVL121
2021CE10507,CVL121
2021CE10531,CVL121
2021CE10521,CVL121
2021CE10063,CVL121
2021CE10516,CVL121
2021CE10496,CVL121
2021CE10505,CVL121
2021CE10500,CVL121
2021CE10530,CVL121
2021CE10498,CVL121
2021CE10512,CVL121
2021CE10058,CVL121
2021CE10050,CVL121
2021CE10527,CVL121
2019CE10231,CVL121
2021CE10064,CVL121
2021CE10529,CVL121
2021CE10051,CVL121
2021CE10488,CVL121
2021CE10042,CVL121
2021CE10066,CVL121
2020CE10247,CVL121
2021CE10540,CVL121
2021CE10528,CVL121
2021CE10061,CVL121
2021CE10059,CVL121
2021CE10517,CVL121
2021CE10483,CVL121
2021CE10065,CVL121
2021CE10534,CVL121
2021CE10485,CVL121
2021CE10067,CVL121
2020CE10261,CVL121
2021CE10056,CVL121
2021CE10513,CVL121
2021CE10053,CVL121
2021CE10491,CVL121
2021CE10478,CVL121
2021CE10533,CVL121
2020CS10383,CVL121
2021CE11212,CVL121
2021CE10522,CVL121
2021CE10539,CVL121
2021CE10494,CVL121
2021CE10062,CVL121
2021CE10515,CVL121
2021CE10480,CVL121
2021CE11201,CVL121
2021CE10542,CVL121
2021CE10047,CVL121
2020CE10236,CVL121
2021CE10146,CVL121
2021CE10509,CVL121
2021CE10038,CVL121
2021CE10052,CVL121
2021CE10048,CVL121
2021CE10536,CVL121
2021CE10504,CVL121
2017CE10122,CVL121
2020CE10257,CVL341
2020CE10267,CVL341
2020CE10309,CVL341
2020CE10279,CVL341
2020CE10288,CVL341
2019CE10217,CVL341
2020CE10253,CVL341
2020CE10207,CVL341
2020CE10245,CVL341
2020CE10295,CVL341
2020CE10218,CVL341
2020CE10281,CVL341
2020CE10262,CVL341
2020CE10260,CVL341
2020CE10244,CVL341
2020CE10301,CVL341
2020CE10294,CVL341
2020CE10241,CVL341
2020CE10228,CVL341
2020CE10251,CVL341
2020CE10312,CVL341
2020CE10246,CVL341
2020CE10572,CVL341
2019CE11074,CVL341
2020CE10289,CVL341
2020CE10274,CVL341
2020CE10237,CVL341
2020CE10316,CVL341
2020CE10269,CVL341
2019CE10315,CVL341
2020CE10215,CVL341
2020CE10235,CVL341
2020CE10276,CVL341
2020CE10302,CVL341
2020CE10255,CVL341
2020CE10315,CVL341
2020CE10291,CVL341
2020CE10296,CVL341
2020CE10238,CVL341
2020CE10249,CVL341
2019CE10228,CVL341
2020CE11188,CVL341
2020CE10219,CVL341
2020CE10216,CVL341
2019CE10250,CVL341
2020CE10243,CVL341
2020CE10223,CVL341
2020CE10208,CVL341
2019CE10308,CVL341
2019CE10312,CVL341
2020CE10230,CVL341
2020CE10270,CVL341
2020CE10266,CVL341
2020CE10278,CVL341
2019CE10214,CVL341
2020CE10256,CVL341
2020CE10284,CVL341
2020CE10248,CVL341
2020CE10285,CVL341
2020CE10306,CVL341
2020CE10242,CVL341
2020CE10311,CVL341
2020CE10252,CVL341
2020CE10209,CVL341
2020CE10273,CVL341
2020CE10299,CVL341
2020CE10308,CVL341
2020CE10268,CVL341
2020CE10232,CVL341
2020CE10254,CVL341
2020CE10300,CVL341
2020CE10275,CVL341
2020CE10286,CVL341
2020CE10277,CVL341
2020CE10221,CVL341
2019CE10260,CVL341
2020CE10222,CVL341
2020CE10305,CVL341
2020CE10231,CVL341
2020CE10217,CVL341
2020CE10258,CVL341
2020CE10224,CVL341
2020CE10233,CVL341
2020CE10225,CVL341
2020CE10227,CVL341
2020CE10210,CVL341
2020CE10220,CVL341
2020CE10292,CVL341
2019CE10240,CVL341
2020CE10212,CVL341
2020CE10293,CVL341
2020CE10259,CVL341
2020CE10213,CVL341
2020CE10314,CVL341
2018CE10177,CVL341
2019CE10265,CVL341
2020CE10304,CVL341
2020CE10263,CVL341
2020CE10240,CVL341
2020CE10265,CVL341
2020CE10239,CVL341
2020CE10264,CVL341
2020CE10283,CVL341
2020CE10211,CVL341
2020CE10282,CVL341
2020CE10272,CVL341
2020CE11189,CVL341
2020CE10280,CVL341
2020CE10298,CVL341
2020CE10229,CVL341
2020CE10297,CVL341
2022CEG2353,CVL700
2022CEG2352,CVL700
2022CEG2354,CVL700
2022CEG2358,CVL700
2022CEG2351,CVL700
2022CEG2347,CVL700
2022CEG2355,CVL700
2022CEG2357,CVL700
2022CEG2359,CVL700
2022CEG2350,CVL700
2022CEG2356,CVL700
2018CE10093,CVL766
2021CES2806,CVL766
2022CES2490,CVL766
2019CE11076,CVL766
2022CES2861,CVL766
2022CES2377,CVL766
2022CES2764,CVL766
2022CES2374,CVL766
2022CES2375,CVL766
2022CES2379,CVL766
2021CES2815,CVL766
2022CES2482,CVL766
2019CE10215,CVL766
2015CE10370,CVL766
2021CEG2645,CVL801
2021CEG2328,CVL801
2021CEG2327,CVL801
2021CEG7536,CVL801
2021CEG2291,CVL801
2021CEG2313,CVL801
2021CEG2638,CVL801
2021CEG2364,CVL801
2021CEG2267,CVL801
2021CEG2339,CVL801
2021CEG2174,CVL801
2022CEZ8127,CVL801
2022CEZ8138,CVL801
2021CEZ8277,CVL801
2021CEG2295,CVL801
2022CEZ8129,CVL801
2021CEG2177,CVL801
2022CEZ8139,CVL801
2020CEZ8305,CVL801
2022CEZ8133,CVL801
2022CEZ8134,CVL801
2022DD14750,DDL111
2022DD14751,DDL111
2022DD14752,DDL111
2022DD14753,DDL111
2022DD14754,DDL111
2022DD14755,DDL111
2022DD14756,DDL111
2022DD14757,DDL111
2022DD14758,DDL111
2022DD14759,DDL111
2022DD14760,DDL111
2022DD14761,DDL111
2022DD14762,DDL111
2022DD14763,DDL111
2022DD14764,DDL111
2022DD14765,DDL111
2022DD14766,DDL111
2022DD14767,DDL111
2022DD14768,DDL111
2022DD14769,DDL111
2021DDS6017,DDL820
2020HCS7005,DDL820
2021DDS6015,DDL820
2021DDS6021,DDL820
2021DDS6024,DDL820
2021DDS6025,DDL820
2022VST9005,DDL820
2021DDS6008,DDL820
2021DDS6014,DDL820
2022DDZ8076,DDL820
2022JID2312,DSL722
2022JID2319,DSL722
2021IDZ8511,DSL722
2022JID2320,DSL722
2022JID2791,DSL722
2022IDZ8389,DSL722
2021EE10686,ELL202
2021EE30735,ELL202
2021EE10646,ELL202
2021EE30718,ELL202
2021EE10161,ELL202
2021EE10170,ELL202
2021EE10158,ELL202
2021EE10684,ELL202
2021EE10681,ELL202
2021EE10136,ELL202
2021EE10142,ELL202
2021EE10163,ELL202
2021EE30728,ELL202
2021EE10148,ELL202
2021EE30705,ELL202
2021EE30730,ELL202
2021EE30712,ELL202
2021EE10633,ELL202
2021EE30706,ELL202
2021EE10154,ELL202
2021EE30182,ELL202
2021EE10166,ELL202
2021EE30744,ELL202
2021EE30710,ELL202
2021EE30723,ELL202
2021EE30714,ELL202
2021EE30745,ELL202
2021EE10638,ELL202
2021EE10162,ELL202
2021EE10674,ELL202
2021EE10650,ELL202
2021EE10140,ELL202
2021EE10652,ELL202
2021EE10643,ELL202
2021EE10655,ELL202
2021EE10151,ELL202
2021EE30708,ELL202
2021EE10138,ELL202
2021EE10644,ELL202
2021EE30709,ELL202
2021EE10641,ELL202
2021EE10631,ELL202
2021EE30178,ELL202
2021EE30721,ELL202
2021EE30175,ELL202
2021EE10664,ELL202
2021EE30722,ELL202
2021EE30747,ELL202
2021EE10137,ELL202
2021EE10627,ELL202
2021EE10628,ELL202
2021EE10635,ELL202
2021EE30731,ELL202
2021EE10657,ELL202
2021EE10659,ELL202
2021EE30701,ELL202
2021EE10636,ELL202
2021EE10660,ELL202
2021EE10661,ELL202
2021EE10139,ELL202
2021EE10133,ELL202
2021EE10620,ELL202
2021EE10172,ELL202
2021EE10634,ELL202
2021EE30704,ELL202
2021EE10155,ELL202
2021EE10167,ELL202
2021EE10156,ELL202
2021EE10679,ELL202
2021EE10696,ELL202
2021EE10662,ELL202
2021EE30742,ELL202
2021EE10642,ELL202
2021EE10690,ELL202
2021EE10159,ELL202
2021EE30716,ELL202
2021EE10682,ELL202
2017EE10345,ELL202
2021EE10692,ELL202
2021EE10666,ELL202
2021EE10153,ELL202
2021EE10626,ELL202
2021EE10669,ELL202
2021EE10173,ELL202
2021EE10174,ELL202
2021EE30738,ELL202
2021EE10653,ELL202
2021EE30736,ELL202
2021EE10640,ELL202
2021EE30737,ELL202
2021EE10647,ELL202
2021EE10135,ELL202
2021EE30741,ELL202
2021EE10672,ELL202
2021EE30725,ELL202
2021EE30739,ELL202
2021EE10658,ELL202
2021EE10687,ELL202
2021EE10694,ELL202
2021EE10663,ELL202
2021EE10668,ELL202
2021EE10145,ELL202
2021EE30698,ELL202
2021EE10677,ELL202
2021EE10632,ELL202
2021EE10157,ELL202
2021EE10667,ELL202
2021EE10149,ELL202
2021EE10141,ELL202
2021EE30749,ELL202
2021EE30707,ELL202
2021EE10675,ELL202
2021EE10676,ELL202
2021EE30719,ELL202
2021EE30181,ELL202
2021EE30732,ELL202
2021EE10624,ELL202
2021EE10152,ELL202
2021EE10648,ELL202
2021EE10689,ELL202
2021EE10654,ELL202
2021EE31213,ELL202
2021EE10621,ELL202
2021EE10645,ELL202
2021EE10691,ELL202
2021EE10673,ELL202
2021EE30179,ELL202
2021EE10680,ELL202
2021EE10132,ELL202
2021EE10147,ELL202
2021EE10670,ELL202
2021EE30753,ELL202
2021EE10144,ELL202
2021EE30717,ELL202
2021EE10169,ELL202
2021EE30724,ELL202
2021EE30180,ELL202
2021EE30727,ELL202
2021EE30713,ELL202
2021EE30734,ELL202
2021EE10651,ELL202
2021EE10683,ELL202
2021EE10649,ELL202
2021EE10168,ELL202
2021EE10625,ELL202
2021EE30750,ELL202
2021EE30743,ELL202
2018EE30535,ELL202
2021EE10160,ELL202
2021EE10656,ELL202
2021EE10035,ELL202
2021EE10211,ELL202
2021EE10383,ELL202
2021EE10699,ELL202
2021EE10711,ELL202
2021EE10715,ELL202
2021EE10720,ELL202
2021EE10729,ELL202
2021EE10781,ELL202
2021EE10783,ELL202
2021EE10788,ELL202
2021EE10809,ELL202
2021EE10974,ELL202
2021EE10978,ELL202
2021EE10980,ELL202
2021EE10984,ELL202
2021EE11052,ELL202
2021EE11108,ELL202
2021EE30017,ELL202
2021EE30036,ELL202
2021EE30209,ELL202
2021EE30330,ELL202
2021EE30389,ELL202
2021EE30471,ELL202
2021EE30482,ELL202
2021EE30755,ELL202
2021EE30789,ELL202
2021EE30751,ELL202
2021EE30969,ELL202
2021EE30977,ELL202
2021EE31046,ELL202
2021EE31049,ELL202
2021EE10695,ELL202
2021EE10685,ELL202
2021EE10150,ELL202
2021EE10630,ELL202
2021EE10688,ELL202
2021EE30176,ELL202
2021EE10665,ELL202
2021EE10171,ELL202
2021EE10165,ELL202
2021EE30177,ELL202
2021EE10164,ELL202
2021EE30748,ELL202
2021EE10671,ELL202
2021EE10629,ELL202
2021EE10693,ELL202
2020EE30127,ELL302
2020EE10492,ELL302
2020EE10554,ELL302
2020EE30592,ELL302
2020EE10539,ELL302
2020EE10483,ELL302
2020EE10310,ELL302
2020EE10671,ELL302
2020EE10579,ELL302
2020EE10547,ELL302
2020EE10570,ELL302
2020EE10555,ELL302
2020EE10489,ELL302
2020EE10490,ELL302
2020EE30631,ELL302
2020EE30744,ELL302
2020EE10464,ELL302
2020EE30615,ELL302
2020EE30573,ELL302
2020EE30606,ELL302
2020EE30597,ELL302
2020EE30598,ELL302
2020EE30621,ELL302
2020EE30602,ELL302
2020EE11013,ELL302
2020EE10542,ELL302
2020EE30578,ELL302
2020EE30954,ELL302
2020EE30591,ELL302
2020EE10526,ELL302
2020EE10569,ELL302
2020EE10543,ELL302
2020EE10482,ELL302
2020EE30611,ELL302
2020EE10562,ELL302
2020EE30614,ELL302
2020EE10504,ELL302
2020EE10521,ELL302
2020EE10544,ELL302
2020EE10496,ELL302
2020EE30624,ELL302
2020EE30605,ELL302
2020EE10470,ELL302
2020EE10471,ELL302
2019EE10517,ELL302
2020EE10462,ELL302
2020EE10498,ELL302
2020EE30575,ELL302
2020EE10561,ELL302
2020EE10558,ELL302
2020EE10493,ELL302
2019EE30584,ELL302
2020EE10508,ELL302
2020EE10461,ELL302
2020EE10639,ELL302
2020EE10537,ELL302
2020EE10491,ELL302
2020EE11191,ELL302
2020EE30634,ELL302
2020EE30593,ELL302
2020EE30620,ELL302
2020EE10533,ELL302
2020EE30580,ELL302
2020EE10485,ELL302
2020EE10538,ELL302
2020EE10527,ELL302
2020EE10519,ELL302
2020EE10530,ELL302
2020EE10495,ELL302
2020EE31193,ELL302
2020EE10516,ELL302
2020EE30576,ELL302
2020EE10587,ELL302
2020EE10551,ELL302
2020EE30632,ELL302
2020EE10541,ELL302
2020EE10589,ELL302
2020EE10548,ELL302
2020EE10672,ELL302
2020EE10518,ELL302
2019EE10053,ELL302
2020EE30616,ELL302
2020EE30144,ELL302
2020EE10522,ELL302
2020EE10517,ELL302
2020EE10563,ELL302
2020EE30250,ELL302
2020EE10524,ELL302
2020EE10507,ELL302
2020EE10455,ELL302
2020EE10499,ELL302
2020EE10460,ELL302
2020EE30600,ELL302
2020EE10484,ELL302
2020EE10094,ELL302
2020EE30214,ELL302
2020EE30629,ELL302
2020EE10583,ELL302
2020EE10506,ELL302
2020EE10560,ELL302
2020EE10511,ELL302
2020EE10477,ELL302
2020EE30622,ELL302
2020EE10457,ELL302
2020EE30596,ELL302
2020EE30613,ELL302
2020EE10500,ELL302
2020EE10515,ELL302
2020EE10466,ELL302
2020EE30574,ELL302
2020EE10557,ELL302
2020EE10486,ELL302
2020EE10512,ELL302
2020EE10565,ELL302
2020EE10535,ELL302
2020EE10458,ELL302
2020EE10472,ELL302
2020EE10550,ELL302
2020EE30586,ELL302
2020EE10564,ELL302
2019EE30128,ELL302
2020EE10468,ELL302
2020EE10568,ELL302
2020EE30585,ELL302
2020EE30015,ELL302
2020EE10972,ELL302
2020EE10546,ELL302
2020EE30635,ELL302
2020EE10528,ELL302
2020EE10488,ELL302
2020EE10549,ELL302
2020EE10531,ELL302
2020EE30601,ELL302
2020EE10469,ELL302
2020EE10467,ELL302
2020EE10454,ELL302
2020EE10476,ELL302
2020EE30595,ELL302
2020EE10481,ELL302
2020EE10559,ELL302
2019EE10550,ELL302
2020EE10540,ELL302
2020EE10552,ELL302
2020EE30625,ELL302
2020EE10509,ELL302
2020EE10545,ELL302
2020EE11192,ELL302
2020EE30609,ELL302
2020EE10463,ELL302
2020EE30628,ELL302
2020EE10523,ELL302
2020EE11015,ELL302
2020EE10529,ELL302
2020EE30122,ELL302
2020EE10556,ELL302
2020EE30917,ELL302
2020EE10505,ELL302
2020EE30630,ELL302
2020EE10566,ELL302
2020EE10473,ELL302
2020EE30623,ELL302
2019EE10519,ELL302
2020EE30582,ELL302
2020EE30610,ELL302
2020EE30617,ELL302
2020EE10480,ELL302
2020EE30627,ELL302
2020EE30163,ELL302
2020EE10525,ELL302
2015EE10450,ELL302
2020EE10478,ELL302
2020EE10479,ELL302
2020EE10532,ELL302
2020EE10206,ELL302
2020EE10513,ELL302
2020EE10452,ELL302
2020EE10456,ELL302
2020EE30594,ELL302
2020EE10487,ELL302
2020EE10503,ELL302
2020EE30599,ELL302
2020EE30313,ELL302
2020EE10536,ELL302
2020EE30588,ELL302
2020EE10453,ELL302
2020EE11002,ELL302
2020EE10501,ELL302
2020EE10459,ELL302
2020EE10510,ELL302
2018EE30552,ELL302
2020EE10603,ELL302
2020EE10474,ELL302
2021ESZ8667,ELL713
2021ESZ8664,ELL713
2021ESZ8669,ELL713
2022EEE2011,ELL713
2022EEE2014,ELL713
2022EEE2713,ELL713
2022ESZ8337,ELL713
2022EEE2017,ELL713
2022EEE2018,ELL713
2022EEE2712,ELL713
2022EEE2020,ELL713
2022EEE2015,ELL713
2022ESZ8278,ELL713
2022EEE2022,ELL713
2022EEE2809,ELL713
2022EEE2023,ELL713
2022EEE2021,ELL713
2022EEE2710,ELL713
2022EEE2012,ELL713
2022EEE2807,ELL713
2022EEE2808,ELL713
2022EEE2768,ELL713
2022EEE2709,ELL713
2022EEE2711,ELL713
2022EEE2013,ELL713
2021ESZ8102,ELL713
2021EEZ8217,ELL808
2019EEZ8329,ELL808
2022EEZ8208,ELL808
2020EEZ8419,ELL808
2020EEZ7528,ELL808
2019EE10459,ESL330
2020CS10357,ESL330
2020CS50432,ESL330
2019EE30568,ESL330
2019EE10521,ESL330
2019EE30596,ESL330
2020ME10962,ESL330
2019CS10404,ESL330
2020CS10387,ESL330
2019EE10105,ESL330
2019EE10523,ESL330
2019EE10522,ESL330
2019EE10526,ESL330
2019EE10530,ESL330
2019EE10466,ESL330
2020CS50423,ESL330
2020MT10823,ESL330
2019EE10477,ESL330
2019EE10468,ESL330
2019CE11075,ESL330
2019EE10467,ESL330
2019EE10492,ESL330
2019EE30581,ESL330
2019EE10483,ESL330
2019EE10457,ESL330
2019EE10536,ESL330
2019EE10538,ESL330
2019EE10529,ESL330
2020CS10346,ESL330
2020PH10701,ESL330
2019EE10510,ESL330
2020CS10345,ESL330
2020CS10334,ESL330
2018ME20732,ESL330
2020PH10698,ESL330
2020MT60881,ESL330
2019CE10206,ESL330
2020ME10950,ESL330
2020ME10930,ESL330
2019CS10458,ESL330
2020CS10371,ESL330
2019EE30580,ESL330
2019EE10478,ESL330
2019EE10548,ESL330
2019TT11085,ESL330
2021JES2598,ESL711
2022ESN2736,ESL711
2022JES2729,ESL711
2022ESZ8351,ESL711
2022JES2731,ESL711
2022ESZ8350,ESL711
2022ESN2741,ESL711
2022ESN2734,ESL711
2022ESN2738,ESL711
2022ESN2733,ESL711
2022ESN2739,ESL711
2022JES2728,ESL711
2022ESN2740,ESL711
2022ESY7566,ESL711
2022ESZ8349,ESL711
2022ESN2737,ESL711
2021ESN2621,ESL711
2022ESN2735,ESL711
2022ESN2743,ESL711
2020ESN2514,ESL711
2022JES2727,ESL711
2022ESN2742,ESL711
2022JES2730,ESL711
2022JES2766,ESL711
2022JES2732,ESL711
2022HES7071,HSL516
2022HES7086,HSL516
2022HES7069,HSL516
2022HES7076,HSL516
2022HES7092,HSL516
2022HES7070,HSL516
2022HES7087,HSL516
2022HES7085,HSL516
2022HES7082,HSL516
2022HES7078,HSL516
2020HES7043,HSL714
2019TT11056,HSL714
2021SMZ8547,HSL714
2021MEZ8488,HSL714
2018CS50789,HSL714
2022HUZ8245,HSL714
2021HCS7233,HSL747
2021HCS7235,HSL747
2021HCS7246,HSL747
2021HCS7234,HSL747
2021HCS7232,HSL747
2021HCS7250,HSL747
2021HCS7241,HSL747
2021HCS7249,HSL747
2021HCS7236,HSL747
2021HCS7243,HSL747
2021HCS7251,HSL747
2021HCS7248,HSL747
2021HCS7238,HSL747
2021HCS7255,HSL747
2021HCS7244,HSL747
2021HCS7252,HSL747
2021HCS7239,HSL747
2021HCS7240,HSL747
2021HCS7242,HSL747
2021HCS7245,HSL747
2021HCS7253,HSL747
2021HUZ8481,HSL747
2020HCS7018,HSL747
2022HUZ8241,HSL747
2021PPM4510,HSL784
2021PPM4513,HSL784
2021PPM4505,HSL784
2022HUZ8256,HSL784
2021HUZ8165,HSL784
2021PPM4502,HSL784
2022HUZ8233,HSL784
2022HUZ8239,HSL784
2021PPM4521,HSL784
2022HUZ8237,HSL784
2022HUZ8252,HSL784
2019TT11089,HUL286
2019CE10209,HUL286
2019TT11001,HUL286
2019CE10229,HUL286
2019CE10316,HUL286
2019CE10287,HUL286
2019PH10645,HUL286
2019CE10304,HUL286
2019EE30594,HUL286
2019ME20868,HUL286
2019EE30593,HUL286
2019EE10508,HUL286
2019EE30555,HUL286
2019EE30562,HUL286
2019ME20872,HUL286
2019ME20876,HUL286
2019EE10462,HUL286
2019EE30595,HUL286
2019CH10070,HUL286
2019CH10083,HUL286
2018CH70311,HUL286
2018CH70274,HUL286
2019ME20925,HUL286
2019EE30589,HUL286
2020CS10375,HUL286
2020PH11194,HUL286
2020CS10409,HUL286
2021MS10872,HUL286
2021MS10882,HUL286
2020CS10420,HUL286
2020PH10688,HUL286
2020PH10710,HUL286
2020PH10707,HUL286
2021PH10225,HUL286
2021MS10863,HUL286
2021MS10857,HUL286
2021PH10848,HUL286
2021MS10861,HUL286
2020CS10335,HUL286
2020CS10394,HUL286
2020CS50449,HUL286
2020PH10690,HUL286
2020CS10361,HUL286
2020PH10712,HUL286
2021AM10195,HUL286
2021AM10196,HUL286
2020MS10752,HUL286
2021AM10790,HUL286
2021AM10802,HUL286
2020MS10738,HUL286
2020CH70154,HUL286
2018EE30559,HUL286
2020MT60897,HUL286
2019EE30121,HUL286
2021MS10864,HUL286
2021ES10194,HUL286
2021PH10811,HUL286
2021PH10834,HUL286
2020CS10612,HUL286
2019EE10577,HUL286
2019EE30877,HUL286
2019ME20880,HUL286
2019EE30006,HUL286
2019EE10480,HUL286
2019CE10220,HUL370
2019TT11033,HUL370
2019TT11087,HUL370
2019TT11060,HUL370
2019TT11040,HUL370
2019TT10956,HUL370
2019PH10625,HUL370
2019CE10232,HUL370
2019TT10974,HUL370
2019TT10991,HUL370
2019TT10962,HUL370
2019TT11021,HUL370
2019TT11041,HUL370
2019PH10643,HUL370
2019TT10959,HUL370
2019MT10687,HUL370
2019ME10795,HUL370
2019CS10376,HUL370
2019ME20938,HUL370
2019CS10362,HUL370
2019ME10853,HUL370
2019EE10507,HUL370
2019EE10475,HUL370
2019CH70188,HUL370
2019EE10540,HUL370
2019CH11062,HUL370
2019CH10125,HUL370
2019CH10146,HUL370
2019EE10544,HUL370
2019EE10498,HUL370
2018EE10502,HUL370
2019ME10814,HUL370
2019EE30570,HUL370
2019EE10600,HUL370
2018CH70283,HUL370
2018ME10581,HUL370
2016PH10552,HUL370
2019TT11030,HUL370
2019TT10986,HUL370
2019MT10732,HUL377
2019MT10262,HUL377
2019PH10626,HUL377
2019CE10235,HUL377
2019CE10271,HUL377
2019PH10627,HUL377
2019CE10306,HUL377
2019CE10218,HUL377
2019CE10230,HUL377
2019TT11006,HUL377
2019MT60741,HUL377
2019CE10268,HUL377
2019CE10274,HUL377
2019CE10261,HUL377
2019CE10248,HUL377
2019TT10995,HUL377
2019CE10313,HUL377
2019TT11013,HUL377
2019CE10238,HUL377
2019EE10532,HUL377
2019CS10323,HUL377
2019CS10348,HUL377
2019CS10350,HUL377
2019ME20901,HUL377
2018TT10961,HUL377
2018CH70291,HUL377
2019CS10387,HUL377
2018TT10943,HUL377
2019CS10383,HUL377
2019ME20895,HUL377
2019EE10546,HUL377
2019CH10926,HUL377
2019CE10318,HUL377
2019PH10654,HUL377
2021MET2059,HUL707
2021MET2819,HUL707
2012CS50277,HUL707
2022HUZ8232,HUL707
2021MET2686,HUL707
2022HUZ8243,HUL707
2022HUZ8258,HUL707
2021MET2865,HUL707
2022HUZ8235,HUL707
2019CS10402,HUL707
2022SMZ8167,HUL707
2022SMZ8164,HUL707
2022SMZ8161,HUL707
2021MET2820,HUL707
2016CE10287,HUL707
2022HUZ8253,HUL707
2021ME11040,MCL111
2021ME21093,MCL111
2021ME20293,MCL111
2021ME20290,MCL111
2021ME11217,MCL111
2021ME21073,MCL111
2020ME21075,MCL111
2021ME21095,MCL111
2021ME21079,MCL111
2021ME10993,MCL111
2021ME10276,MCL111
2021ME21107,MCL111
2021ME11022,MCL111
2021ME21117,MCL111
2021ME21101,MCL111
2021ME10982,MCL111
2021ME11013,MCL111
2021ME11016,MCL111
2021ME11030,MCL111
2021ME11014,MCL111
2021ME10979,MCL111
2021ME11034,MCL111
2021ME10971,MCL111
2021ME21077,MCL111
2021ME10279,MCL111
2020ME21043,MCL111
2021ME21115,MCL111
2021ME11025,MCL111
2021ME11032,MCL111
2021ME10271,MCL111
2021ME11021,MCL111
2021ME21080,MCL111
2021ME21098,MCL111
2021ME21060,MCL111
2021ME10998,MCL111
2021ME21043,MCL111
2021ME21090,MCL111
2021ME21065,MCL111
2021ME20291,MCL111
2021ME20298,MCL111
2021ME21071,MCL111
2021ME10988,MCL111
2021ME21113,MCL111
2021ME11023,MCL111
2021ME10285,MCL111
2021ME21068,MCL111
2021ME11027,MCL111
2021ME11220,MCL111
2021ME11015,MCL111
2021ME21097,MCL111
2021ME21110,MCL111
2021ME10970,MCL111
2021ME21084,MCL111
2021ME10972,MCL111
2021ME21092,MCL111
2021ME21047,MCL111
2021ME11017,MCL111
2021ME21058,MCL111
2021ME10273,MCL111
2021ME21075,MCL111
2021ME10986,MCL111
2021ME10288,MCL111
2021ME21057,MCL111
2021ME10985,MCL111
2021ME10968,MCL111
2021ME11009,MCL111
2021ME10992,MCL111
2021ME21063,MCL111
2021ME21223,MCL111
2021ME21102,MCL111
2021ME11003,MCL111
2021ME10281,MCL111
2021ME21094,MCL111
2021ME11007,MCL111
2021ME11024,MCL111
2021ME10976,MCL111
2020ME10967,MCL111
2021ME21114,MCL111
2021ME11033,MCL111
2021ME21061,MCL111
2021ME21118,MCL111
2021ME10272,MCL111
2021ME20294,MCL111
2021ME21056,MCL111
2021ME21055,MCL111
2021ME11002,MCL111
2021ME10973,MCL111
2021ME11005,MCL111
2021ME21104,MCL111
2021ME21091,MCL111
2021ME21064,MCL111
2021ME11038,MCL111
2021ME10981,MCL111
2021ME21066,MCL111
2021ME11039,MCL111
2021ME11028,MCL111
2020ME21070,MCL111
2021ME21111,MCL111
2021ME10275,MCL111
2021ME21054,MCL111
2021ME21106,MCL111
2021ME21069,MCL111
2021ME10983,MCL111
2021ME10287,MCL111
2021ME10280,MCL111
2021ME10967,MCL111
2021ME11012,MCL111
2021ME21087,MCL111
2021ME10283,MCL111
2021ME11037,MCL111
2021ME21100,MCL111
2021ME10997,MCL111
2021ME21096,MCL111
2021ME10282,MCL111
2021ME21112,MCL111
2021ME21074,MCL111
2021ME11011,MCL111
2021ME10987,MCL111
2021ME21070,MCL111
2021ME10277,MCL111
2021ME20299,MCL111
2021ME21083,MCL111
2021ME10990,MCL111
2021ME21116,MCL111
2021ME10996,MCL111
2021ME11216,MCL111
2021ME21085,MCL111
2014ME10633,MCL111
2021ME10001,MCL111
2021ME11062,MCL111
2021ME10289,MCL111
2021ME21215,MCL111
2021ME11000,MCL111
2021ME11035,MCL111
2021ME21089,MCL111
2021ME21050,MCL111
2021ME21103,MCL111
2021ME10994,MCL111
2021ME21208,MCL111
2021ME21105,MCL111
2021ME11031,MCL111
2021ME21082,MCL111
2021ME10995,MCL111
2021ME11018,MCL111
2021ME21078,MCL111
2021ME11006,MCL111
2021ME20295,MCL111
2021ME10991,MCL111
2021ME11019,MCL111
2021ME21088,MCL111
2021ME21099,MCL111
2021ME11041,MCL111
2021ME11001,MCL111
2021ME21076,MCL111
2021ME20300,MCL111
2021ME10989,MCL111
2021ME20292,MCL111
2021ME21048,MCL111
2021ME21053,MCL111
2021ME21059,MCL111
2021ME11026,MCL111
2021ME20296,MCL111
2021ME21067,MCL111
2021ME21044,MCL111
2021ME11036,MCL111
2021ME10274,MCL111
2021ME21042,MCL111
2020ME21053,MCL134
2020ME21074,MCL134
2020ME21055,MCL134
2020ME21037,MCL134
2020ME21033,MCL134
2020ME21058,MCL134
2020ME21065,MCL134
2020ME21008,MCL134
2018ME20710,MCL134
2020ME21071,MCL134
2020ME21045,MCL134
2020ME21052,MCL134
2020ME21050,MCL134
2020ME21060,MCL134
2020ME21038,MCL134
2020ME21019,MCL134
2020ME20997,MCL134
2020ME21005,MCL134
2020ME21028,MCL134
2020ME21073,MCL134
2020ME21196,MCL134
2020ME21001,MCL134
2020ME21018,MCL134
2020ME21068,MCL134
2020ME21036,MCL134
2020ME21039,MCL134
2019ME20866,MCL134
2020ME21024,MCL134
2020ME21061,MCL134
2020ME21009,MCL134
2020ME20991,MCL134
2020ME21023,MCL134
2020ME21054,MCL134
2020ME21020,MCL134
2020ME21016,MCL134
2020ME21044,MCL134
2020ME20990,MCL134
2020ME21040,MCL134
2020ME21014,MCL134
2020ME21042,MCL134
2020ME21048,MCL134
2020ME21010,MCL134
2020ME21072,MCL134
2020ME21004,MCL134
2020ME20993,MCL134
2020ME21026,MCL134
2017TT10669,MCL134
2020ME21007,MCL134
2020ME21067,MCL134
2020ME21034,MCL134
2020ME20995,MCL134
2020ME20998,MCL134
2020ME20999,MCL134
2020ME21064,MCL134
2020ME21049,MCL134
2020ME21066,MCL134
2020ME21046,MCL134
2020ME21063,MCL134
2020ME20992,MCL134
2020ME10902,MCL134
2020ME20994,MCL134
2020ME21041,MCL134
2020ME21000,MCL134
2020ME21035,MCL134
2020ME10905,MCL134
2020ME21011,MCL134
2020ME21032,MCL134
2020ME21029,MCL134
2020ME21069,MCL134
2020ME21012,MCL134
2020ME21051,MCL134
2020ME21022,MCL134
2020ME21003,MCL134
2020ME21197,MCL134
2018ME20677,MCL134
2020ME21047,MCL134
2020ME20996,MCL134
2020ME21006,MCL134
2020ME21059,MCL134
2019ME20865,MCL134
2020ME21062,MCL134
2020ME21017,MCL134
2020ME21030,MCL134
2013ME10698,MCL242
2020ME10908,MCL242
2020ME10985,MCL242
2020ME10935,MCL242
2020ME10938,MCL242
2019ME10791,MCL242
2020ME10901,MCL242
2020ME10980,MCL242
2020ME10936,MCL242
2019ME10799,MCL242
2020ME10944,MCL242
2020ME10974,MCL242
2020ME10984,MCL242
2020ME10979,MCL242
2020ME10912,MCL242
2019ME10841,MCL242
2019ME10777,MCL242
2019ME10969,MCL242
2020ME11056,MCL242
2020ME10943,MCL242
2020ME10904,MCL242
2020ME10988,MCL242
2019ME10846,MCL242
2020ME10973,MCL242
2020ME10987,MCL242
2020ME10929,MCL242
2020ME10914,MCL242
2020ME10909,MCL242
2020ME10955,MCL242
2020ME10978,MCL242
2019ME10845,MCL242
2020ME10952,MCL242
2020ME10921,MCL242
2020ME10928,MCL242
2020ME10975,MCL242
2020ME10900,MCL242
2019ME10779,MCL242
2020ME10981,MCL242
2020ME10977,MCL242
2020ME10968,MCL242
2020ME10927,MCL242
2019ME10809,MCL242
2020ME10906,MCL242
2020ME10965,MCL242
2020ME10958,MCL242
2020ME10966,MCL242
2020ME10961,MCL242
2020ME10941,MCL242
2020ME10931,MCL242
2020ME10918,MCL242
2019ME10806,MCL242
2020ME10989,MCL242
2019ME10818,MCL242
2020ME10916,MCL242
2020ME10934,MCL242
2020ME10947,MCL242
2020ME10919,MCL242
2020ME10903,MCL242
2020ME10957,MCL242
2020ME10911,MCL242
2019ME10832,MCL242
2020ME10923,MCL242
2019ME10784,MCL242
2020ME10976,MCL242
2020ME10971,MCL242
2020ME10940,MCL242
2019ME10819,MCL242
2020ME10926,MCL242
2020ME10910,MCL242
2020ME10915,MCL242
2019ME10792,MCL242
2020ME10951,MCL242
2020ME10953,MCL242
2020ME10898,MCL242
2018ME10652,MCL242
2019ME11071,MCL242
2020ME10932,MCL242
2020ME10982,MCL242
2013ME10653,MCL242
2020ME10937,MCL242
2020ME10970,MCL242
2020ME10899,MCL242
2019ME10849,MCL242
2020ME10959,MCL242
2019ME10776,MCL242
2020ME10969,MCL242
2016ME10684,MCL242
2017ME10563,MCL242
2020ME10983,MCL242
2019ME10800,MCL242
2020ME10907,MCL242
2017ME10581,MCL242
2021MEZ8494,MCL704
2021MEY7577,MCL704
2022MET2186,MCL704
2022MET2171,MCL704
2022MEZ8329,MCL704
2022MET2177,MCL704
2022MET2715,MCL704
2022MET2187,MCL704
2022MET2191,MCL704
2022MET2188,MCL704
2022MET2182,MCL704
2022MET2184,MCL704
2022MET2192,MCL704
2022MET2169,MCL704
2022MET2175,MCL704
2022MET2168,MCL704
2022MET2174,MCL704
2022MET2178,MCL704
2022MET2176,MCL704
2022MET2179,MCL704
2022MET2835,MCL704
2022MET2770,MCL704
2022MET2189,MCL704
2022MET2181,MCL704
2022MET2180,MCL704
2022MET2185,MCL704
2022MET2834,MCL704
2022MET2717,MCL704
2019ME10793,MCL714
2021MEZ8501,MCL714
2021MEM2713,MCL714
2021MEM2442,MCL714
2021MEM2880,MCL714
2019ME20930,MCL714
2022MEZ8332,MCL714
2021BMT2708,MCL761
2021MAS7134,MCL761
2021BMT2707,MCL761
2021JES2789,MCL761
2022QIZ8048,MCL761
2022MEE2201,MCL761
2022MEZ8319,MCL761
2019ME20869,MCL761
2021BMZ8636,MCL761
2022MEE2204,MCL761
2022MEE2208,MCL761
2022MEE2198,MCL761
2022MEE2194,MCL761
2021MAS7132,MCL761
2022MEE2210,MCL761
2022MEE2207,MCL761
2022MEE2200,MCL761
2021QIZ8587,MCL761
2022MEE2211,MCL761
2022MEE2196,MCL761
2022MEE2781,MCL761
2022AMZ8095,MCL761
2022MEE2209,MCL761
2022MEE2206,MCL761
2022MEE2195,MCL761
2022MEE2205,MCL761
2021JES2601,MCL761
2022MEE2199,MCL761
2021JES2605,MCL761
2021JES2606,MCL761
2021MEZ8491,MCL796
2021MEP2591,MCL796
2021MEP2744,MCL796
2021MEZ8487,MCL796
2021MEP2592,MCL796
2021MEZ8484,MCL796
2021CEZ8600,MCL796
2021MEP2746,MCL796
2021MEP2408,MCL796
2021MEP2594,MCL796
2022MEZ8336,MCL796
2022MEZ8321,MCL796
2021MEP2590,MCL796
2021MEP2593,MCL796
2021MSZ8505,MCL796
2021MEP2413,MCL796
2021QIZ8581,MCL796
2021MEZ8499,MCL796
2021MEP2407,MCL796
2021AMZ8642,MCL796
2022MEZ8334,MCL796
2021MSZ8015,MLL702
2022MSM2494,MLL702
2022MSM2495,MLL702
2022MSM2497,MLL702
2022MSM2493,MLL702
2022MSM2496,MLL702
2022MSZ8073,MLL702
2022MSM2498,MLL702
2022MSZ8071,MLL702
2022MSZ8262,MLL702
2022MSM2499,MLL702
2022SMF6525,MSL719
2022SMF6572,MSL719
2020PH10705,MSL719
2022SMT6599,MSL719
2022SMF6514,MSL719
2022SMT6602,MSL719
2022SMF6540,MSL719
2022SMF6526,MSL719
2021SMZ8545,MSL719
2022SMF6563,MSL719
2022SMZ8160,MSL719
2019EE10464,MSL719
2022SMF6551,MSL719
2022SMF6570,MSL719
2022SMF6566,MSL719
2022SMT6600,MSL719
2022SMF6550,MSL719
2022SMF6545,MSL719
2022SMF6535,MSL719
2022SMF6561,MSL719
2022SMF6518,MSL719
2022SMF6560,MSL719
2022SMF6590,MSL719
2022SMF6533,MSL719
2022SMF6579,MSL719
2022SMF6513,MSL719
2022SMF6520,MSL719
2022SMF6539,MSL719
2022SMF6576,MSL719
2022SMF6547,MSL719
2022SMF6565,MSL719
2022SMF6596,MSL719
2022SMF6557,MSL719
2022SMT6605,MSL719
2022SMT6603,MSL719
2022SMF6574,MSL719
2022SMF6580,MSL719
2022SMF6588,MSL719
2022SMF6581,MSL719
2022SMF6528,MSL719
2022SMF6548,MSL719
2022SMF6556,MSL719
2022SMF6537,MSL719
2022SMT6641,MSL719
2022SMF6522,MSL719
2019CS10334,MSL719
2022SMF6582,MSL719
2022SMT6598,MSL719
2022SMF6542,MSL719
2022SMF6536,MSL719
2021SMF6555,MSL719
2022SMF6585,MSL760
2022SMF6559,MSL760
2022SMF6646,MSL760
2022SMF6583,MSL760
2022SMF6532,MSL760
2022SMF6544,MSL760
2022SMF6595,MSL760
2022SMF6555,MSL760
2022SMF6531,MSL760
2022SMT6606,MSL760
2022SMF6592,MSL760
2022SMF6519,MSL760
2022SMF6527,MSL760
2022SMF6564,MSL760
2022SMF6553,MSL760
2022SMT6640,MSL760
2022SMF6575,MSL760
2022SMF6515,MSL760
2022SMF6587,MSL760
2022SMF6571,MSL760
2022SMT6597,MSL760
2022SMF6538,MSL760
2022SMF6573,MSL760
2022SMT6601,MSL760
2022SMF6541,MSL760
2022SMF6517,MSL760
2022SMF6591,MSL760
2022SMF6593,MSL760
2022SMZ8166,MSL760
2022SMZ8165,MSL760
2022SMF6567,MSL760
2022SMF6530,MSL760
2022SMF6524,MSL760
2022SMF6523,MSL760
2022SMF6516,MSL760
2022SMF6586,MSL760
2022SMF6594,MSL760
2022SMF6647,MSL760
2022SMF6569,MSL760
2022SMF6584,MSL760
2022SMF6562,MSL760
2022SMF6577,MSL760
2022SMF6578,MSL760
2022SMF6552,MSL760
2022SMF6558,MSL760
2022SMF6546,MSL760
2022SMF6534,MSL760
2022SMF6521,MSL760
2021SMF6531,MSL848
2021SRZ8565,MSL848
2021SMF6608,MSL848
2021SMT6598,MSL848
2021SMF6506,MSL848
2020MT10656,MTL105
2020MT60896,MTL105
2019MT10764,MTL105
2019MT10676,MTL105
2019MT10690,MTL105
2019MT10669,MTL105
2019MT10678,MTL105
2020MT10820,MTL105
2019MT60751,MTL105
2020MT60872,MTL105
2019MT10708,MTL105
2019MT10691,MTL105
2019MT10706,MTL105
2019MT10068,MTL105
2019MT10694,MTL105
2020MT10835,MTL105
2018CS50411,MTL105
2019MT10683,MTL105
2020MT10799,MTL105
2019MT10731,MTL105
2019MT60760,MTL105
2019MT60756,MTL105
2020MT60884,MTL105
2020MT10803,MTL105
2020MT60581,MTL105
2019MT10700,MTL105
2020MT10830,MTL105
2020MT10846,MTL105
2019MT10765,MTL105
2020CS10837,MTL105
2020MT10832,MTL105
2020MT60874,MTL105
2020MT60889,MTL105
2019MT10711,MTL105
2020MT10817,MTL105
2020MT60876,MTL105
2020MT10851,MTL105
2020MT60571,MTL105
2019MT10556,MTL105
2019MT10707,MTL105
2019MT10762,MTL105
2020MT10833,MTL105
2019MT10719,MTL105
2020MT10836,MTL105
2020MT10827,MTL105
2020MT10849,MTL105
2019MT10652,MTL105
2020MT10796,MTL105
2019MT10675,MTL105
2020MT10834,MTL105
2020MT60885,MTL105
2020MT10844,MTL105
2016MT10640,MTL105
2020MT10809,MTL105
2020MT10815,MTL105
2019MT10723,MTL105
2020MT10845,MTL105
2020MT60894,MTL105
2020MT10810,MTL105
2019MT10658,MTL105
2020MT60873,MTL105
2019MT60631,MTL105
2019MT10720,MTL105
2019MT10693,MTL105
2019MT10686,MTL105
2019MT60749,MTL105
2019MT10703,MTL105
2020MT10790,MTL105
2019MT60742,MTL105
2019MT10677,MTL105
2015CS10248,MTL105
2019MT10712,MTL105
2017MT60789,MTL105
2019MT10512,MTL105
2020MT10780,MTL105
2020CS50431,MTL105
2019MT60757,MTL105
2020MT10807,MTL105
2019MT10672,MTL105
2019MT10701,MTL105
2020MT10128,MTL105
2020MT10787,MTL105
2020MT10802,MTL105
2019MT10697,MTL105
2020MT10861,MTL105
2019MT10736,MTL105
2019MT10733,MTL105
2020MT60892,MTL105
2019MT60740,MTL105
2020MT60159,MTL105
2020MT10465,MTL105
2020MT10857,MTL105
2019MT10716,MTL105
2020MT60986,MTL105
2019MT10724,MTL105
2020MT10813,MTL105
2020MT10856,MTL105
2020MT60875,MTL105
2019MT60743,MTL105
2019MT10684,MTL105
2020MT60895,MTL105
2019MT60493,MTL105
2020CS10392,MTL105
2019MT60738,MTL105
2020MT10806,MTL105
2020MT10800,MTL105
2020MT10842,MTL105
2019MT10718,MTL105
2020MT10811,MTL105
2019MT10715,MTL105
2018CS50412,MTL105
2020MT10853,MTL105
2019MT10285,MTL105
2020MT60867,MTL105
2020CS10878,MTL105
2020MT10860,MTL105
2020MT10814,MTL105
2020MT10841,MTL105
2020MT10819,MTL105
2019MT10670,MTL105
2019MT10709,MTL105
2019MT10075,MTL105
2019MT60824,MTL105
2019MT10726,MTL105
2019MT10759,MTL105
2019MT10713,MTL105
2019MT10702,MTL105
2020MT10785,MTL105
2020MT10805,MTL105
2020MT10812,MTL105
2020MT10825,MTL105
2020MT10826,MTL105
2020MT60880,MTL105
2019MT10729,MTL105
2019MT10688,MTL105
2019MT60739,MTL105
2020MT60883,MTL105
2019MT10079,MTL105
2020MT10143,MTL105
2019CS10372,MTL105
2020MT10788,MTL105
2019MT10735,MTL105
2019MT10727,MTL105
2020MT10868,MTL105
2020MT10808,MTL105
2019MT60753,MTL105
2019MT60997,MTL105
2019CS10321,MTL105
2020MT10798,MTL105
2018MT10772,MTL105
2020MT60865,MTL105
2020MT60871,MTL105
2019MT10705,MTL105
2015CS10250,MTL105
2020MT10816,MTL105
2020MT60618,MTL105
2020MT10850,MTL105
2019MT60747,MTL105
2019MT10685,MTL105
2019MT10668,MTL105
2016MT10639,MTL105
2020MT10793,MTL105
2020MT10864,MTL105
2020MT10778,MTL105
2020MT10854,MTL105
2020MT10848,MTL105
2020MT10818,MTL105
2020MT10829,MTL105
2019MT10717,MTL105
2019MT10682,MTL105
2019CS10379,MTL105
2020MT10828,MTL105
2020MT60886,MTL105
2019MT60754,MTL105
2020MT10838,MTL105
2020MT10887,MTL105
2020CS10402,MTL105
2020MT10855,MTL105
2020MT10779,MTL105
2020MT10804,MTL105
2020MT10801,MTL105
2017MT60783,MTL105
2020MT10863,MTL105
2020MT10862,MTL105
2020MT60890,MTL105
2019MT10704,MTL105
2020MT10619,MTL105
2020MT60882,MTL105
2019MT10714,MTL105
2020MT60879,MTL105
2018CS10347,MTL105
2019MT10710,MTL105
2020MT10795,MTL105
2020MT10792,MTL105
2020MT10822,MTL105
2020MT10824,MTL105
2020MT60877,MTL105
2014CS10260,MTL105
2020MT10782,MTL105
2020CS10364,MTL105
2020MT10852,MTL105
2019MT60758,MTL105
2020PH10721,MTL105
2020MT10821,MTL105
2020MT60893,MTL105
2019CS10328,MTL105
2020MT10847,MTL105
2019MT10721,MTL105
2020CS10325,MTL105
2020CS10391,MTL105
2019MT10725,MTL105
2020MT10797,MTL105
2018CS10329,MTL105
2020MT10781,MTL105
2020MT10786,MTL105
2019CS10396,MTL105
2021MT10935,MTL180
2021MT10897,MTL180
2021MT60958,MTL180
2018EE30610,MTL180
2021MT10236,MTL180
2021MT10925,MTL180
2021MT10255,MTL180
2021MT10254,MTL180
2021MT10258,MTL180
2019TT11011,MTL180
2021MT60941,MTL180
2021MT60952,MTL180
2021MT10227,MTL180
2021MT10253,MTL180
2021MT10894,MTL180
2021MT10911,MTL180
2021MT60954,MTL180
2021MT10263,MTL180
2021MT10933,MTL180
2021MT60943,MTL180
2021MT60956,MTL180
2021MT10887,MTL180
2021MT60966,MTL180
2021MT10922,MTL180
2021MT10923,MTL180
2021MT60957,MTL180
2020MT60888,MTL180
2021MT60951,MTL180
2021MT60266,MTL180
2021MT10264,MTL180
2021MT10240,MTL180
2021MT10233,MTL180
2021MT60942,MTL180
2021MT10245,MTL180
2021MT10895,MTL180
2021MT10928,MTL180
2021MT10889,MTL180
2021MT10926,MTL180
2021MT10251,MTL180
2021MT10916,MTL180
2021MT10252,MTL180
2021MT10247,MTL180
2021MT10260,MTL180
2021MT60955,MTL180
2021MT10936,MTL180
2021MT60945,MTL180
2021MT10231,MTL180
2021MT10899,MTL180
2021MT10903,MTL180
2021MT10918,MTL180
2021MT10908,MTL180
2021MT10929,MTL180
2021MT10905,MTL180
2021MT10234,MTL180
2021MT10259,MTL180
2021MT10228,MTL180
2021MT60959,MTL180
2016MT60661,MTL180
2021MT10892,MTL180
2021MT10909,MTL180
2021MT10893,MTL180
2021MT60940,MTL180
2021MT10235,MTL180
2021MT60939,MTL180
2021MT10930,MTL180
2021MT10938,MTL180
2021MT60953,MTL180
2021MT10262,MTL180
2021MT10250,MTL180
2021MT10927,MTL180
2021MT10230,MTL180
2021MT60946,MTL180
2021MT10248,MTL180
2021MT60950,MTL180
2021MT60270,MTL180
2021MT60944,MTL180
2021MT60963,MTL180
2021MT60949,MTL180
2021MT10913,MTL180
2021MT10910,MTL180
2021MT60265,MTL180
2021MT10904,MTL180
2021MT60267,MTL180
2021MT10232,MTL180
2021MT10907,MTL180
2021MT10237,MTL180
2018EE10478,MTL180
2020MT10859,MTL180
2021MT10890,MTL180
2021MT60965,MTL180
2021MT10238,MTL180
2021MT10906,MTL180
2021MT10241,MTL180
2021MT10896,MTL180
2021MT10257,MTL180
2021MT60269,MTL180
2021MT60268,MTL180
2021MT10902,MTL180
2021MT10256,MTL180
2021MT10924,MTL180
2021MT10919,MTL180
2021MT10937,MTL180
2021MT10261,MTL180
2021MT10901,MTL180
2017MT60776,MTL180
2021MT10932,MTL180
2021MT10239,MTL180
2019EE10622,MTL180
2021MT10246,MTL180
2019EE10899,MTL180
2021MT60961,MTL180
2021MT10242,MTL180
2018ME10650,MTL180
2021MT10244,MTL180
2020ME10960,MTL180
2021MT60947,MTL180
2019PH10646,MTL180
2021MT10143,MTL180
2021MT10286,MTL180
2021MT10434,MTL180
2021MT10623,MTL180
2021MT10900,MTL180
2021MT10637,MTL180
2021MT10678,MTL180
2021MT10697,MTL180
2021MT10700,MTL180
2021MT10702,MTL180
2021MT10703,MTL180
2021MT10740,MTL180
2021MT10822,MTL180
2021MT60814,MTL180
2021MT61051,MTL180
2021MT10934,MTL180
2021MS10879,MTL180
2021MT10921,MTL180
2021MT10912,MTL180
2021MT60964,MTL180
2020PH10676,MTL180
2021MT10888,MTL180
2019MT10674,MTL180
2019PH10659,MTL180
2021MT60960,MTL180
2021MT10920,MTL180
2021AM11123,MTL180
2020PH10714,MTL180
2021MS10853,MTL180
2022VST9007,MTL180
2021MT10931,MTL180
2021MT10898,MTL180
2021MAS7155,MTL501
2021MAS7141,MTL501
2022MAS7126,MTL501
2022MAS7094,MTL501
2022MAS7142,MTL501
2022MAS7130,MTL501
2022MAS7135,MTL501
2022MAS7119,MTL501
2022MAS7108,MTL501
2022MAS7104,MTL501
2022MAS7117,MTL501
2022MAS7118,MTL501
2022MAS7100,MTL501
2022MAS7099,MTL501
2022MAS7109,MTL501
2022MAS7098,MTL501
2022MAS7152,MTL501
2022MAS7106,MTL501
2022MAS7159,MTL501
2022MAS7115,MTL501
2022MAS7093,MTL501
2022MAS7149,MTL501
2022MAS7105,MTL501
2022MAS7155,MTL501
2022MAS7111,MTL501
2022MAS7146,MTL501
2022MAS7154,MTL501
2022MAS7101,MTL501
2022MAS7114,MTL501
2022MAS7103,MTL501
2022MAS7097,MTL501
2022MAS7129,MTL501
2022MAS7102,MTL501
2022MAS7134,MTL501
2022MAS7122,MTL501
2022MAS7150,MTL501
2022MAS7153,MTL501
2022MAS7113,MTL501
2022MAS7125,MTL501
2022MAS7120,MTL501
2021MAS7160,MTL501
2022MAS7107,MTL501
2022MAS7160,MTL501
2022MAS7144,MTL501
2022MAS7151,MTL501
2022MAS7112,MTL501
2022MAS7137,MTL501
2022MAS7157,MTL501
2022MAS7140,MTL501
2022MAS7123,MTL501
2022MAS7095,MTL501
2022MAS7136,MTL501
2022MAS7138,MTL501
2022MAS7132,MTL501
2022MAS7116,MTL501
2022MAS7158,MTL501
2022MAS7148,MTL501
2022MAS7121,MTL501
2022MAS7127,MTL501
2022MAS7143,MTL501
2022MAS7128,MTL501
2022MAS7131,MTL501
2022MAS7141,MTL501
2022MAS7156,MTL501
2022MAS7124,MTL501
2022MAS7096,MTL501
2022MAS7139,MTL501
2022MAS7110,MTL501
2022MAS7133,MTL501
2021PHS7184,PYL569
2021PHS7195,PYL569
2021PHS7164,PYL569
2021PHS7218,PYL569
2021PHS7176,PYL569
2021PHS7217,PYL569
2021PHS7190,PYL569
2021PHS7181,PYL569
2021PHS7196,PYL569
2021PHS7178,PYL569
2021PHS7191,PYL569
2021PHS7227,PYL569
2021PHS7198,PYL569
2021PHS7216,PYL569
2021PHS7219,PYL569
2021PHS7209,PYL569
2021PHS7183,PYL569
2021PHS7208,PYL569
2021PHS7186,PYL569
2021PHS7174,PYL569
2021PHS7225,PYL569
2021PHS7193,PYL569
2021PHS7175,PYL569
2021PHS7197,PYL569
2021PHS7166,PYL569
2021PHS7223,PYL569
2021PHS7215,PYL569
2021PHS7221,PYL569
2021PHS7165,PYL569
2021PHS7213,PYL569
2021PHS7214,PYL569
2020PHS7483,PYL569
2021PHS7173,PYL569
2021PHS7222,PYL569
2021PHS7162,PYL569
2021PHS7210,PYL569
2021PHS7201,PYL569
2021PHS7168,PYL569
2021PHS7202,PYL569
2021PHS7185,PYL569
2021PHS7206,PYL569
2021PHS7226,PYL569
2021PHS7192,PYL569
2021PHS7177,PYL569
2021PHS7189,PYL569
2021PHS7194,PYL569
2021PHS7229,PYL569
2021PHS7172,PYL569
2021PHS7167,PYL569
2021PHS7182,PYL569
2021PHS7228,PYL569
2021PHS7171,PYL569
2021PHS7200,PYL569
2021PHS7203,PYL569
2021PHS7205,PYL569
2021PHS7211,PYL569
2021PHS7207,PYL569
2022PHS7194,PYL569
2021PHS7220,PYL569
2021PHS7169,PYL569
2021PHS7212,PYL569
2021PHS7187,PYL569
2021PHS7199,PYL569
2021PHS7188,PYL569
2021PHS7180,PYL569
2021PHS7179,PYL569
2021PHS7170,PYL569
2021PHS7163,PYL569
2021ESZ8662,PYL800
2021PHA2465,PYL800
2021PHM2523,PYL800
2022PHZ8021,PYL800
2022PHZ8023,PYL800
2021PHZ2507,PYL800
2022PHZ8005,PYL800
2022PHZ8016,PYL800
2022OPZ8314,PYL800
2022BSZ8103,PYL800
2022PHZ8024,PYL800
2022PHZ8009,PYL800
2022PHZ8006,PYL800
2022EEZ8202,PYL800
2022PHZ8028,PYL800
2022PHZ8027,PYL800
2019MT10680,RDL727
2019EE10535,RDL727
2019CS10411,RDL727
2021RDZ8630,RDL727
2019CS10410,RDL727
2014CS10249,RDL727
2019CS10412,RDL727
2019CS10413,RDL727
2019MT10681,RDL727
2019CS10385,RDL727
2019CS10353,RDL727
2019CS10409,RDL727
2019CH70164,RDL727
2019EE30559,RDL727
2021RDZ8608,RDL727
2019EE10509,RDL727
2021RDZ8634,RDL727
2019CS10346,RDL727
2019EE30551,RDL727
2020ME10925,RDL727
2019CS10722,RDL727
2019ME20888,RDL727
2019CE10256,RDL727
2019CE10286,RDL727
2019EE10511,RDL727
2020ME10964,RDL727
2019EE10486,RDL727
2015MT60570,RDL727
2019TT11048,RDL727
2019EE10500,RDL727
2021RDZ8607,RDL727
2020ME10963,RDL730
2017PH10801,RDL730
2016TT10924,RDL730
2020MAS7373,RDL730
2017PH10827,RDL730
2019EE30561,RDL730
2015CE10363,RDL730
2019EE30592,RDL730
2019EE30572,RDL730
2018CH70307,RDL730
2019ME20917,RDL730
2022CTE2526,RDL730
2022CTE2524,RDL730
2019EE30604,RDL730
2022CTE2525,RDL730
2022SRZ8396,SBL706
2022BLZ8270,SBL706
2022BLZ8398,SBL706
2022BLZ8399,SBL706
2021BLZ8469,SBL706
2021BLZ8472,SBL706
2021BLZ8473,SBL706
2022BLZ8269,SBL706
2022BLZ7563,SBL706
2022SRZ8384,SBL706
2021TT11134,TXL130
2020TT11162,TXL130
2021TT10307,TXL130
2020TT11181,TXL130
2021TT11174,TXL130
2021TT10306,TXL130
2021TT11193,TXL130
2021TT11126,TXL130
2021TT11141,TXL130
2021TT11146,TXL130
2021TT11197,TXL130
2021TT11154,TXL130
2021TT11189,TXL130
2021TT11172,TXL130
2021TT11186,TXL130
2021TT11194,TXL130
2020TT11107,TXL130
2021TT11131,TXL130
2021TT11132,TXL130
2021TT11156,TXL130
2021TT11145,TXL130
2021TT11202,TXL130
2021TT11143,TXL130
2021TT11177,TXL130
2021TT11184,TXL130
2019TT10978,TXL130
2021TT11173,TXL130
2021TT11119,TXL130
2021TT11159,TXL130
2021TT11167,TXL130
2021TT11153,TXL130
2021TT11150,TXL130
2021TT11125,TXL130
2021TT11139,TXL130
2021TT11207,TXL130
2021TT11136,TXL130
2019TT10966,TXL130
2021TT11149,TXL130
2021TT11152,TXL130
2021TT11128,TXL130
2021TT11135,TXL130
2021TT11162,TXL130
2021TT11165,TXL130
2021TT11127,TXL130
2021TT11195,TXL130
2021TT10303,TXL130
2021TT11140,TXL130
2021TT11168,TXL130
2021TT10308,TXL130
2021TT11124,TXL130
2021TT11137,TXL130
2021TT11218,TXL130
2021TT11181,TXL130
2021TT11169,TXL130
2021TT11178,TXL130
2021TT11133,TXL130
2021TT11200,TXL130
2021TT11129,TXL130
2021TT11180,TXL130
2021TT11138,TXL130
2021TT11148,TXL130
2021TT11121,TXL130
2021TT11170,TXL130
2021TT11171,TXL130
2021TT11188,TXL130
2021TT10301,TXL130
2021TT11144,TXL130
2021TT11191,TXL130
2021TT11179,TXL130
2021TT11163,TXL130
2020TT11116,TXL130
2021TT11183,TXL130
2021TT11176,TXL130
2021TT11187,TXL130
2021TT10304,TXL130
2021TT11158,TXL130
2021TT11155,TXL130
2021TT11196,TXL130
2021TT11198,TXL130
2021TT11166,TXL130
2021TT11122,TXL130
2021TT11175,TXL130
2021TT11130,TXL130
2021TT11190,TXL130
2021TT11142,TXL130
2021TT11185,TXL130
2021TT11161,TXL130
2021TT10305,TXL130
2021TT11204,TXL130
2021TT11164,TXL130
2021TT10302,TXL130
2015TT10913,TXL130
2021TT11147,TXL130
2021TT11160,TXL130
2020TT11143,TXL222
2020TT11184,TXL222
2020TT11108,TXL222
2020TT11128,TXL222
2020TT11082,TXL222
2020TT11076,TXL222
2020TT11102,TXL222
2020TT11088,TXL222
2020TT11163,TXL222
2020TT11109,TXL222
2020TT11120,TXL222
2020TT11183,TXL222
2020TT11080,TXL222
2020TT11180,TXL222
2020TT11140,TXL222
2020TT11091,TXL222
2020TT11131,TXL222
2020TT11177,TXL222
2020TT11097,TXL222
2020TT11174,TXL222
2020TT11083,TXL222
2020TT11156,TXL222
2020TT11152,TXL222
2020TT11094,TXL222
2020TT11149,TXL222
2020TT11132,TXL222
2020TT11119,TXL222
2020TT11087,TXL222
2020TT11158,TXL222
2020TT11123,TXL222
2020TT11139,TXL222
2020TT11099,TXL222
2020TT11175,TXL222
2020TT11178,TXL222
2020TT11151,TXL222
2019TT11027,TXL222
2020TT11081,TXL222
2020TT11154,TXL222
2020TT11077,TXL222
2020TT11135,TXL222
2020TT11147,TXL222
2020TT11161,TXL222
2020TT11173,TXL222
2020TT11146,TXL222
2020TT11153,TXL222
2020TT11167,TXL222
2020TT11092,TXL222
2020TT11165,TXL222
2020TT11155,TXL222
2020TT11150,TXL222
2020TT11103,TXL222
2020TT11111,TXL222
2020TT11110,TXL222
2020TT11105,TXL222
2020TT11127,TXL222
2020TT11104,TXL222
2020TT11078,TXL222
2020TT11101,TXL222
2020TT11148,TXL222
2020TT11093,TXL222
2020TT11126,TXL222
2020TT11170,TXL222
2020TT11117,TXL222
2020TT11171,TXL222
2020TT11176,TXL222
2020TT11122,TXL222
2020TT11142,TXL222
2020TT11113,TXL222
2020TT11118,TXL222
2020TT11130,TXL222
2020TT11138,TXL222
2020TT11169,TXL222
2020TT11164,TXL222
2020TT11159,TXL222
2020TT11179,TXL222
2018TT10975,TXL222
2020TT11168,TXL222
2020TT11144,TXL222
2020TT11157,TXL222
2020TT11114,TXL222
2020TT11134,TXL222
2020TT11106,TXL222
2020TT11085,TXL222
2017TT10895,TXL222
2020TT11145,TXL222
2020TT11133,TXL222
2020TT11124,TXL222
2020TT11166,TXL222
2020TT11129,TXL222
2020TT11112,TXL222
2020TT11125,TXL222
2020TT11121,TXL222
2020TT11185,TXL222
2020TT11095,TXL222
2020TT11182,TXL222
2020TT11086,TXL222
2020TT11096,TXL222
2020TT11079,TXL222
2020TT11098,TXL222
2020TT11115,TXL222
2022TTF2542,TXL712
2022TTC2528,TXL712
2022TTC2536,TXL712
2022TTZ8223,TXL712
2022TTF2540,TXL712
2022TTF2541,TXL712
2022TTF2544,TXL712
2022TTC2529,TXL712
2022TTC2533,TXL712
2022TTZ8226,TXL712
2019TT11061,TXL712
2022TTZ8220,TXL712
2022TTF2543,TXL712
2021TTE2672,TXL712
2022TTC2530,TXL712
2022TTC2531,TXL712
2022TTF2537,TXL712
2022TTF2538,TXL712
2021TTZ2665,TXL712
2021TTE2681,TXL712
2022TTC2534,TXL712
2021TTE2678,TXL712
2022TTF2539,TXL712
2021TTE2664,TXL712
2022TTC2535,TXL712
2021TTE2674,TXL712
2018TTZ8459,TXL732
2021SRZ8568,TXL732
2021SRZ8574,TXL732
2022TTZ2550,TXL732
2022TTE2552,TXL732
2021TTE2928,TXL732
2022TTE2546,TXL732
2022SRZ8373,TXL732
2022TTE2551,TXL732
2021TTE2675,TXL732
2022TTE2548,TXL732
2022TTE2547,TXL732
2022TTZ8225,TXL732
2022TTE2549,TXL732
