Course Code,Enrollment Number
HUL211,2022HU23092
HUL211,2022HU23093
HUL211,2022HU23094
HUL211,2022HU23095
HUL211,2022HU23096
HUL211,2022HU23097
HUL211,2022HU23098
HUL211,2022HU23099
HUL211,2022HU23100
HUL211,2022HU23101
HUL211,2022HU23102
HUL211,2022HU23103
HUL211,2022HU23104
HUL211,2022HU23105
HUL211,2022HU23106
HUL211,2022HU23107
HUL211,2022HU23108
HUL211,2022HU23109
HUL211,2022HU23110
HUL211,2022HU23111
HUL211,2022HU23112
HUL211,2022HU23113
HUL211,2022HU23114
HUL211,2022HU23115
HUL211,2022HU23116
HUL211,2022HU23117
HUL211,2022HU23118
HUL211,2022HU23119
HUL211,2022HU23120
HUL211,2022HU23121
HUL211,2022HU23122
HUL211,2022HU23123
HUL211,2022HU23124
HUL211,2022HU23125
HUL211,2022HU23126
HUL211,2022HU23127
HUL211,2022HU23128
HUL211,2022HU23129
HUL211,2022HU23130
HUL211,2022HU23131
HUL211,2022HU23132
HUL211,2022HU23133
HUL211,2022HU23134
HUL211,2022HU23135
HUL211,2022HU23136
HUL211,2022HU23137
HUL211,2022HU23138
HUL211,2022HU23139
HUL211,2022HU23140
HUL211,2022HU23141
HUL211,2022HU23142
HUL211,2022HU23143
HUL211,2022HU23144
HUL211,2022HU23145
HUL211,2022HU23146
HUL211,2022HU23147
HUL211,2022HU23148
HUL211,2022HU23149
HUL211,2022HU23150
HUL211,2022HU23151
HUL211,2022HU23152
HUL211,2022HU23153
HUL211,2022HU23154
HUL211,2022HU23155
HUL211,2022HU23156
HUL211,2022HU23157
HUL211,2022HU23158
HUL211,2022HU23159
HUL211,2022HU23160
HUL211,2022HU23161
HUL211,2022HU23162
HUL211,2022HU23163
HUL211,2022HU23164
HUL211,2022HU23165
HUL211,2022HU23166
HUL211,2022HU23167
HUL211,2022HU23168
HUL211,2022HU23169
HUL211,2022HU23170
HUL211,2022HU23171
HUL211,2022HU23172
HUL211,2022HU23173
HUL211,2022HU23174
HUL211,2022HU23175
HUL211,2022HU23176
HUL211,2022HU23177
HUL211,2022HU23178
HUL211,2022HU23179
HUL211,2022HU23180
HUL211,2022HU23181
HUL211,2022HU23182
HUL211,2022HU23183
HUL211,2022HU23184
HUL211,2022HU23185
HUL211,2022HU23186
HUL211,2022HU23187
HUL211,2022HU23188
HUL211,2022HU23189
HUL211,2022HU23190
HUL211,2022HU23191
HUL211,2022HU23192
HUL211,2022HU23193
HUL211,2022HU23194
HUL211,2022HU23195
HUL211,2022HU23196
HUL211,2022HU23197
HUL211,2022HU23198
HUL211,2022HU23199
HUL211,2022HU23200
HUL211,2022HU23201
HUL211,2022HU23202
HUL211,2022HU23203
HUL211,2022HU23204
HUL211,2022HU23205
HUL211,2022HU23206
HUL211,2022HU23207
HUL211,2022HU23208
HUL211,2022HU23209
HUL211,2022HU23210
HUL211,2022HU23211
HUL211,2022HU23212
HUL211,2022HU23213
HUL211,2022HU23214
HUL211,2022HU23215
HUL211,2022HU23216
HUL211,2022HU23217
HUL211,2022HU23218
HUL211,2022HU23219
HUL211,2022HU23220
HUL211,2022HU23221
HUL211,2022HU23222
HUL211,2022HU23223
HUL211,2022HU23224
HUL211,2022HU23225
HUL211,2022HU23226
HUL211,2022HU23227
HUL211,2022HU23228
HUL211,2022HU23229
HUL211,2022HU23230
HUL211,2022HU23231
HUL211,2022HU23232
HUL211,2022HU23233
HUL211,2022HU23234
HUL211,2022HU23235
HUL211,2022HU23236
HUL211,2022HU23237
HUL211,2022HU23238
HUL211,2022HU23239
HUL211,2022HU23240
HUL211,2022HU23241
HUL211,2022HU23242
HUL211,2022HU23243
HUL211,2022HU23244
HUL211,2022HU23245
HUL211,2022HU23246
HUL211,2022HU23247
HUL211,2022HU23248
HUL211,2022HU23249
HUL211,2022HU23250
HUL211,2022HU23251
HUL211,2022HU23252
HUL211,2022HU23253
HUL211,2022HU23254
HUL211,2022HU23255
HUL211,2022HU23256
HUL211,2022HU23257
HUL211,2022HU23258
HUL211,2022HU23259
HUL211,2022HU23260
HUL211,2022HU23261
HUL211,2022HU23262
HUL211,2022HU23263
HUL211,2022HU23264
HUL211,2022HU23265
HUL211,2022HU23266
HUL211,2022HU23267
HUL211,2022HU23268
HUL211,2022HU23269
HUL211,2022HU23270
HUL211,2022HU23271
HUL211,2022HU23272
HUL211,2022HU23273
HUL211,2022HU23274
HUL211,2022HU23275
HUL211,2022HU23276
HUL211,2022HU23277
HUL211,2022HU23278
HUL211,2022HU23279
HUL211,2022HU23280
HUL211,2022HU23281
HUL211,2022HU23282
HUL211,2022HU23283
HUL211,2022HU23284
HUL211,2022HU23285
HUL211,2022HU23286
HUL211,2022HU23287
HUL211,2022HU23288
HUL211,2022HU23289
HUL211,2022HU23290
HUL211,2022HU23291
HUL211,2022HU23292
HUL211,2022HU23293
HUL211,2022HU23294
HUL211,2022HU23295
HUL211,2022HU23296
HUL211,2022HU23297
HUL211,2022HU23298
HUL211,2022HU23299
HUL211,2022HU23300
HUL211,2022HU23301
HUL211,2022HU23302
HUL211,2022HU23303
HUL211,2022HU23304
HUL211,2022HU23305
HUL211,2022HU23306
HUL211,2022HU23307
HUL211,2022HU23308
HUL211,2022HU23309
HUL211,2022HU23310
HUL211,2022HU23311
HUL211,2022HU23312
HUL211,2022HU23313
HUL211,2022HU23314
HUL211,2022HU23315
HUL211,2022HU23316
HUL211,2022HU23317
HUL211,2022HU23318
HUL211,2022HU23319
HUL211,2022HU23320
HUL211,2022HU23321
HUL211,2022HU23322
HUL211,2022HU23323
HUL211,2022HU23324
HUL211,2022HU23325
HUL211,2022HU23326
HUL211,2022HU23327
HUL211,2022HU23328
HUL211,2022HU23329
HUL211,2022HU23330
HUL211,2022HU23331
HUL211,2022HU23332
HUL211,2022HU23333
HUL211,2022HU23334
HUL211,2022HU23335
HUL211,2022HU23336
HUL211,2022HU23337
HUL211,2022HU23338
HUL211,2022HU23339
HUL211,2022HU23340
HUL211,2022HU23341
HUL211,2022HU23342
HUL211,2022HU23343
HUL211,2022HU23344
HUL211,2022HU23345
HUL211,2022HU23346
HUL211,2022HU23347
HUL211,2022HU23348
HUL211,2022HU23349
HUL211,2022HU23350
HUL211,2022HU23351
HUL211,2022HU23352
HUL211,2022HU23353
HUL211,2022HU23354
HUL211,2022HU23355
HUL211,2022HU23356
HUL211,2022HU23357
HUL211,2022HU23358
HUL211,2022HU23359
HUL211,2022HU23360
HUL211,2022HU23361
HUL211,2022HU23362
HUL211,2022HU23363
HUL211,2022HU23364
HUL211,2022HU23365
HUL211,2022HU23366
HUL211,2022HU23367
HUL211,2022HU23368
HUL211,2022HU23369
HUL211,2022HU23370
HUL211,2022HU23371
HUL211,2022HU23372
HUL211,2022HU23373
HUL211,2022HU23374
HUL211,2022HU23375
HUL211,2022HU23376
HUL211,2022HU23377
HUL211,2022HU23378
HUL211,2022HU23379
HUL211,2022HU23380
HUL211,2022HU23381
HUL211,2022HU23382
HUL211,2022HU23383
HUL211,2022HU23384
HUL211,2022HU23385
HUL211,2022HU23386
HUL211,2022HU23387
HUL211,2022HU23388
HUL211,2022HU23389
HUL211,2022HU23390
HUL211,2022HU23391
HUL211,2022HU23392
HUL211,2022HU23393
HUL211,2022HU23394
HUL211,2022HU23395
HUL211,2022HU23396
HUL211,2022HU23397
HUL211,2022HU23398
HUL211,2022HU23399
HUL211,2022HU23400
HUL211,2022HU23401
HUL211,2022HU23402
HUL211,2022HU23403
HUL211,2022HU23404
HUL211,2022HU23405
HUL211,2022HU23406
HUL211,2022HU23407
HUL211,2022HU23408
HUL211,2022HU23409
HUL211,2022HU23410
HUL211,2022HU23411
HUL211,2022HU23412
HUL211,2022HU23413
HUL211,2022HU23414
HUL211,2022HU23415
HUL211,2022HU23416
HUL211,2022HU23417
HUL211,2022HU23418
HUL211,2022HU23419
HUL211,2022HU23420
HUL211,2022HU23421
HUL211,2022HU23422
HUL211,2022HU23423
HUL211,2022HU23424
HUL211,2022HU23425
HUL211,2022HU23426
HUL211,2022HU23427
HUL211,2022HU23428
HUL211,2022HU23429
HUL211,2022HU23430
HUL211,2022HU23431
HUL211,2022HU23432
HUL211,2022HU23433
HUL211,2022HU23434
HUL211,2022HU23435
HUL211,2022HU23436
HUL211,2022HU23437
HUL211,2022HU23438
HUL211,2022HU23439
HUL211,2022HU23440
HUL211,2022HU23441
HUL211,2022HU23442
HUL211,2022HU23443
HUL211,2022HU23444
HUL211,2022HU23445
HUL211,2022HU23446
HUL211,2022HU23447
HUL211,2022HU23448
HUL211,2022HU23449
HUL211,2022HU23450
HUL211,2022HU23451
HUL211,2022HU23452
HUL211,2022HU23453
HUL211,2022HU23454
HUL211,2022HU23455
HUL211,2022HU23456
HUL211,2022HU23457
HUL211,2022HU23458
HUL211,2022HU23459
HUL211,2022HU23460
HUL211,2022HU23461
HUL211,2022HU23462
HUL211,2022HU23463
HUL211,2022HU23464
HUL211,2022HU23465
HUL211,2022HU23466
HUL211,2022HU23467
HUL211,2022HU23468
HUL211,2022HU23469
HUL211,2022HU23470
HUL211,2022HU23471
HUL211,2022HU23472
HUL211,2022HU23473
HUL211,2022HU23474
HUL211,2022HU23475
HUL211,2022HU23476
HUL211,2022HU23477
HUL211,2022HU23478
HUL211,2022HU23479
HUL211,2022HU23480
HUL211,2022HU23481
HUL211,2022HU23482
HUL211,2022HU23483
HUL211,2022HU23484
HUL211,2022HU23485
HUL211,2022HU23486
HUL211,2022HU23487
HUL211,2022HU23488
HUL211,2022HU23489
HUL211,2022HU23490
HUL211,2022HU23491
HUL211,2022HU23492
HUL211,2022HU23493
HUL211,2022HU23494
HUL211,2022HU23495
HUL211,2022HU23496
HUL211,2022HU23497
HUL211,2022HU23498
HUL211,2022HU23499
HUL211,2022HU23500
HUL211,2022HU23501
HUL211,2022HU23502
HUL211,2022HU23503
HUL211,2022HU23504
HUL211,2022HU23505
HUL211,2022HU23506
HUL211,2022HU23507
HUL211,2022HU23508
HUL211,2022HU23509
HUL211,2022HU23510
HUL211,2022HU23511
HUL211,2022HU23512
HUL211,2022HU23513
HUL211,2022HU23514
HUL211,2022HU23515
HUL211,2022HU23516
HUL211,2022HU23517
HUL211,2022HU23518
HUL211,2022HU23519
HUL211,2022HU23520
HUL211,2022HU23521
HUL211,2022HU23522
HUL211,2022HU23523
HUL211,2022HU23524
HUL211,2022HU23525
HUL211,2022HU23526
HUL211,2022HU23527
HUL211,2022HU23528
HUL211,2022HU23529
HUL211,2022HU23530
HUL211,2022HU23531
HUL211,2022HU23532
HUL211,2022HU23533
HUL211,2022HU23534
HUL211,2022HU23535
HUL211,2022HU23536
HUL211,2022HU23537
HUL211,2022HU23538
HUL211,2022HU23539
HUL211,2022HU23540
HUL212,2022HU23541
HUL212,2022HU23542
HUL212,2022HU23543
HUL212,2022HU23544
HUL212,2022HU23545
HUL212,2022HU23546
HUL212,2022HU23547
HUL212,2022HU23548
HUL212,2022HU23549
HUL212,2022HU23550
HUL212,2022HU23551
HUL212,2022HU23552
HUL212,2022HU23553
HUL212,2022HU23554
HUL212,2022HU23555
HUL212,2022HU23556
HUL212,2022HU23557
HUL212,2022HU23558
HUL212,2022HU23559
HUL212,2022HU23560
HUL212,2022HU23561
HUL212,2022HU23562
HUL212,2022HU23563
HUL212,2022HU23564
HUL212,2022HU23565
HUL212,2022HU23566
HUL212,2022HU23567
HUL212,2022HU23568
HUL212,2022HU23569
HUL212,2022HU23570
HUL212,2022HU23571
HUL212,2022HU23572
HUL212,2022HU23573
HUL212,2022HU23574
HUL212,2022HU23575
HUL212,2022HU23576
HUL212,2022HU23577
HUL212,2022HU23578
HUL212,2022HU23579
HUL212,2022HU23580
HUL212,2022HU23581
HUL212,2022HU23582
HUL212,2022HU23583
HUL212,2022HU23584
HUL212,2022HU23585
HUL212,2022HU23586
HUL212,2022HU23587
HUL212,2022HU23588
HUL212,2022HU23589
HUL212,2022HU23590
HUL212,2022HU23591
HUL212,2022HU23592
HUL212,2022HU23593
HUL212,2022HU23594
HUL212,2022HU23595
HUL212,2022HU23596
HUL212,2022HU23597
HUL212,2022HU23598
HUL212,2022HU23599
HUL212,2022HU23600
HUL212,2022HU23601
HUL212,2022HU23602
HUL212,2022HU23603
HUL212,2022HU23604
HUL212,2022HU23605
HUL212,2022HU23606
HUL212,2022HU23607
HUL212,2022HU23608
HUL212,2022HU23609
HUL212,2022HU23610
HUL212,2022HU23611
HUL212,2022HU23612
HUL212,2022HU23613
HUL212,2022HU23614
HUL212,2022HU23615
HUL212,2022HU23616
HUL212,2022HU23617
HUL212,2022HU23618
HUL212,2022HU23619
HUL212,2022HU23620
HUL212,2022HU23621
HUL212,2022HU23622
HUL212,2022HU23623
HUL212,2022HU23624
HUL212,2022HU23625
HUL212,2022HU23626
HUL212,2022HU23627
HUL212,2022HU23628
HUL212,2022HU23629
HUL212,2022HU23630
HUL212,2022HU23631
HUL212,2022HU23632
HUL212,2022HU23633
HUL212,2022HU23634
HUL212,2022HU23635
HUL212,2022HU23636
HUL212,2022HU23637
HUL212,2022HU23638
HUL212,2022HU23639
HUL212,2022HU23640
HUL212,2022HU23641
HUL212,2022HU23642
HUL212,2022HU23643
HUL212,2022HU23644
HUL212,2022HU23645
HUL212,2022HU23646
HUL212,2022HU23647
HUL212,2022HU23648
HUL212,2022HU23649
HUL212,2022HU23650
HUL212,2022HU23651
HUL212,2022HU23652
HUL212,2022HU23653
HUL212,2022HU23654
HUL212,2022HU23655
HUL212,2022HU23656
HUL212,2022HU23657
HUL212,2022HU23658
HUL212,2022HU23659
HUL212,2022HU23660
HUL212,2022HU23661
HUL212,2022HU23662
HUL212,2022HU23663
HUL212,2022HU23664
HUL212,2022HU23665
HUL212,2022HU23666
HUL212,2022HU23667
HUL212,2022HU23668
HUL212,2022HU23669
HUL212,2022HU23670
HUL212,2022HU23671
HUL212,2022HU23672
HUL212,2022HU23673
HUL212,2022HU23674
HUL212,2022HU23675
HUL212,2022HU23676
HUL212,2022HU23677
HUL212,2022HU23678
HUL212,2022HU23679
HUL212,2022HU23680
HUL212,2022HU23681
HUL212,2022HU23682
HUL212,2022HU23683
HUL212,2022HU23684
HUL212,2022HU23685
HUL212,2022HU23686
HUL212,2022HU23687
HUL212,2022HU23688
HUL212,2022HU23689
HUL212,2022HU23690
HUL212,2022HU23691
HUL212,2022HU23692
HUL212,2022HU23693
HUL212,2022HU23694
HUL212,2022HU23695
HUL212,2022HU23696
HUL212,2022HU23697
HUL212,2022HU23698
HUL212,2022HU23699
HUL212,2022HU23700
HUL212,2022HU23701
HUL212,2022HU23702
HUL212,2022HU23703
HUL212,2022HU23704
HUL212,2022HU23705
HUL212,2022HU23706
HUL212,2022HU23707
HUL212,2022HU23708
HUL212,2022HU23709
HUL212,2022HU23710
HUL212,2022HU23711
HUL212,2022HU23712
HUL212,2022HU23713
HUL212,2022HU23714
HUL212,2022HU23715
HUL212,2022HU23716
HUL212,2022HU23717
HUL212,2022HU23718
HUL212,2022HU23719
HUL212,2022HU23720
HUL212,2022HU23721
HUL212,2022HU23722
HUL212,2022HU23723
HUL212,2022HU23724
HUL212,2022HU23725
HUL212,2022HU23726
HUL212,2022HU23727
HUL212,2022HU23728
HUL212,2022HU23729
HUL212,2022HU23730
HUL212,2022HU23731
HUL212,2022HU23732
HUL212,2022HU23733
HUL212,2022HU23734
HUL212,2022HU23735
HUL212,2022HU23736
HUL212,2022HU23737
HUL212,2022HU23738
HUL212,2022HU23739
HUL212,2022HU23740
HUL212,2022HU23741
HUL212,2022HU23742
HUL212,2022HU23743
HUL212,2022HU23744
HUL212,2022HU23745
HUL212,2022HU23746
HUL212,2022HU23747
HUL212,2022HU23748
HUL212,2022HU23749
HUL212,2022HU23750
HUL212,2022HU23751
HUL212,2022HU23752
HUL212,2022HU23753
HUL212,2022HU23754
HUL212,2022HU23755
HUL212,2022HU23756
HUL212,2022HU23757
HUL212,2022HU23758
HUL212,2022HU23759
HUL212,2022HU23760
HUL212,2022HU23761
HUL212,2022HU23762
HUL212,2022HU23763
HUL212,2022HU23764
HUL212,2022HU23765
HUL212,2022HU23766
HUL212,2022HU23767
HUL212,2022HU23768
HUL212,2022HU23769
HUL212,2022HU23770
HUL212,2022HU23771
HUL212,2022HU23772
HUL212,2022HU23773
HUL212,2022HU23774
HUL212,2022HU23775
HUL212,2022HU23776
HUL212,2022HU23777
HUL212,2022HU23778
HUL212,2022HU23779
HUL212,2022HU23780
HUL212,2022HU23781
HUL212,2022HU23782
HUL212,2022HU23783
HUL212,2022HU23784
HUL212,2022HU23785
HUL212,2022HU23786
HUL212,2022HU23787
HUL212,2022HU23788
HUL212,2022HU23789
HUL212,2022HU23790
HUL212,2022HU23791
HUL212,2022HU23792
HUL212,2022HU23793
HUL212,2022HU23794
HUL212,2022HU23795
HUL261,2022HU23796
HUL261,2022HU23797
HUL261,2022HU23798
HUL261,2022HU23799
HUL261,2022HU23800
HUL261,2022HU23801
HUL261,2022HU23802
HUL261,2022HU23803
HUL261,2022HU23804
HUL261,2022HU23805
HUL261,2022HU23806
HUL261,2022HU23807
HUL261,2022HU23808
HUL261,2022HU23809
HUL261,2022HU23810
HUL261,2022HU23811
HUL261,2022HU23812
HUL261,2022HU23813
HUL261,2022HU23814
HUL261,2022HU23815
HUL261,2022HU23816
HUL261,2022HU23817
HUL261,2022HU23818
HUL261,2022HU23819
HUL261,2022HU23820
HUL261,2022HU23821
HUL261,2022HU23822
HUL261,2022HU23823
HUL261,2022HU23824
HUL261,2022HU23825
HUL261,2022HU23826
HUL261,2022HU23827
HUL261,2022HU23828
HUL261,2022HU23829
HUL261,2022HU23830
HUL261,2022HU23831
HUL261,2022HU23832
HUL261,2022HU23833
HUL261,2022HU23834
HUL261,2022HU23835
HUL261,2022HU23836
HUL261,2022HU23837
HUL261,2022HU23838
HUL261,2022HU23839
HUL261,2022HU23840
HUL261,2022HU23841
HUL261,2022HU23842
HUL261,2022HU23843
HUL261,2022HU23844
HUL261,2022HU23845
HUL261,2022HU23846
HUL261,2022HU23847
HUL261,2022HU23848
HUL261,2022HU23849
HUL261,2022HU23850
HUL261,2022HU23851
HUL261,2022HU23852
HUL261,2022HU23853
HUL261,2022HU23854
HUL261,2022HU23855
HUL261,2022HU23856
HUL261,2022HU23857
HUL261,2022HU23858
HUL261,2022HU23859
HUL261,2022HU23860
HUL261,2022HU23861
HUL261,2022HU23862
HUL261,2022HU23863
HUL261,2022HU23864
HUL261,2022HU23865
HUL261,2022HU23866
HUL261,2022HU23867
HUL261,2022HU23868
HUL261,2022HU23869
HUL261,2022HU23870
HUL261,2022HU23871
HUL261,2022HU23872
HUL261,2022HU23873
HUL261,2022HU23874
HUL261,2022HU23875
HUL261,2022HU23876
HUL261,2022HU23877
HUL261,2022HU23878
HUL261,2022HU23879
HUL261,2022HU23880
HUL261,2022HU23881
HUL261,2022HU23882
HUL261,2022HU23883
HUL261,2022HU23884
HUL261,2022HU23885
HUL261,2022HU23886
HUL261,2022HU23887
HUL261,2022HU23888
HUL261,2022HU23889
HUL261,2022HU23890
HUL261,2022HU23891
HUL261,2022HU23892
HUL261,2022HU23893
HUL261,2022HU23894
HUL261,2022HU23895
HUL261,2022HU23896
HUL261,2022HU23897
HUL261,2022HU23898
HUL261,2022HU23899
HUL261,2022HU23900
HUL261,2022HU23901
HUL261,2022HU23902
HUL261,2022HU23903
HUL261,2022HU23904
HUL261,2022HU23905
HUL261,2022HU23906
HUL261,2022HU23907
HUL261,2022HU23908
HUL261,2022HU23909
HUL261,2022HU23910
HUL261,2022HU23911
HUL261,2022HU23912
HUL261,2022HU23913
HUL261,2022HU23914
HUL261,2022HU23915
HUL261,2022HU23916
HUL261,2022HU23917
HUL261,2022HU23918
HUL261,2022HU23919
HUL261,2022HU23920
HUL261,2022HU23921
HUL261,2022HU23922
HUL261,2022HU23923
HUL261,2022HU23924
HUL261,2022HU23925
HUL261,2022HU23926
HUL261,2022HU23927
HUL261,2022HU23928
HUL261,2022HU23929
HUL261,2022HU23930
HUL261,2022HU23931
HUL261,2022HU23932
HUL261,2022HU23933
HUL261,2022HU23934
HUL261,2022HU23935
HUL261,2022HU23936
HUL261,2022HU23937
HUL261,2022HU23938
HUL261,2022HU23939
HUL261,2022HU23940
HUL261,2022HU23941
HUL261,2022HU23942
HUL261,2022HU23943
HUL261,2022HU23944
HUL261,2022HU23945
HUL261,2022HU23946
HUL261,2022HU23947
HUL261,2022HU23948
HUL261,2022HU23949
HUL261,2022HU23950
HUL261,2022HU23951
HUL261,2022HU23952
HUL261,2022HU23953
HUL261,2022HU23954
HUL261,2022HU23955
HUL261,2022HU23956
HUL261,2022HU23957
HUL261,2022HU23958
HUL261,2022HU23959
HUL261,2022HU23960
HUL261,2022HU23961
HUL261,2022HU23962
HUL261,2022HU23963
HUL261,2022HU23964
HUL261,2022HU23965
HUL261,2022HU23966
HUL261,2022HU23967
HUL261,2022HU23968
HUL261,2022HU23969
HUL261,2022HU23970
HUL261,2022HU23971
HUL261,2022HU23972
HUL261,2022HU23973
HUL261,2022HU23974
HUL261,2022HU23975
HUL261,2022HU23976
HUL261,2022HU23977
HUL261,2022HU23978
HUL261,2022HU23979
HUL261,2022HU23980
HUL261,2022HU23981
HUL261,2022HU23982
HUL261,2022HU23983
HUL261,2022HU23984
HUL261,2022HU23985
HUL261,2022HU23986
HUL261,2022HU23987
HUL261,2022HU23988
HUL261,2022HU23989
HUL261,2022HU23990
HUL261,2022HU23991
HUL261,2022HU23992
HUL261,2022HU23993
HUL261,2022HU23994
HUL261,2022HU23995
HUL261,2022HU23996
HUL261,2022HU23997
HUL261,2022HU23998
HUL261,2022HU23999
HUL261,2022HU24000
HUL261,2022HU24001
HUL261,2022HU24002
HUL261,2022HU24003
HUL261,2022HU24004
HUL261,2022HU24005
HUL261,2022HU24006
HUL261,2022HU24007
HUL261,2022HU24008
HUL261,2022HU24009
HUL261,2022HU24010
HUL261,2022HU24011
HUL261,2022HU24012
HUL261,2022HU24013
HUL261,2022HU24014
HUL261,2022HU24015
HUL261,2022HU24016
HUL261,2022HU24017
HUL261,2022HU24018
HUL261,2022HU24019
HUL261,2022HU24020
HUL261,2022HU24021
HUL364,2022HU24022
HUL364,2022HU24023
HUL364,2022HU24024
HUL364,2022HU24025
HUL364,2022HU24026
HUL364,2022HU24027
HUL364,2022HU24028
HUL364,2022HU24029
HUL364,2022HU24030
HUL364,2022HU24031
HUL364,2022HU24032
HUL364,2022HU24033
HUL364,2022HU24034
HUL364,2022HU24035
HUL364,2022HU24036
HUL364,2022HU24037
HUL364,2022HU24038
HUL364,2022HU24039
HUL364,2022HU24040
HUL364,2022HU24041
HUL364,2022HU24042
HUL364,2022HU24043
HUL364,2022HU24044
HUL364,2022HU24045
HUL364,2022HU24046
HUL364,2022HU24047
HUL364,2022HU24048
HUL364,2022HU24049
HUL364,2022HU24050
HUL364,2022HU24051
HUL364,2022HU24052
HUL364,2022HU24053
HUL364,2022HU24054
HUL364,2022HU24055
HUL364,2022HU24056
HUL364,2022HU24057
HUL364,2022HU24058
HUL364,2022HU24059
HUL364,2022HU24060
HUL364,2022HU24061
HUL364,2022HU24062
HUL364,2022HU24063
HUL364,2022HU24064
HUL364,2022HU24065
HUL364,2022HU24066
HUL364,2022HU24067
HUL364,2022HU24068
HUL364,2022HU24069
HUL364,2022HU24070
HUL364,2022HU24071
HUL364,2022HU24072
HUL364,2022HU24073
HUL364,2022HU24074
HUL364,2022HU24075
HUL364,2022HU24076
HUL364,2022HU24077
HUL364,2022HU24078
HUL364,2022HU24079
HUL364,2022HU24080
HUL364,2022HU24081
HUL364,2022HU24082
HUL364,2022HU24083
HUL364,2022HU24084
HUL364,2022HU24085
HUL364,2022HU24086
HUL364,2022HU24087
HUL364,2022HU24088
HUL364,2022HU24089
HUL364,2022HU24090
HUL364,2022HU24091
HUL364,2022HU24092
HUL364,2022HU24093
HUL364,2022HU24094
HUL364,2022HU24095
HUL364,2022HU24096
HUL364,2022HU24097
HUL364,2022HU24098
HUL364,2022HU24099
HUL364,2022HU24100
HUL364,2022HU24101
HUL364,2022HU24102
HUL364,2022HU24103
HUL364,2022HU24104
HUL364,2022HU24105
HUL364,2022HU24106
HUL364,2022HU24107
HUL364,2022HU24108
HUL364,2022HU24109
HUL364,2022HU24110
HUL364,2022HU24111
HUL364,2022HU24112
HUL364,2022HU24113
HUL364,2022HU24114
HUL364,2022HU24115
HUL364,2022HU24116
HUL364,2022HU24117
HUL364,2022HU24118
HUL364,2022HU24119
HUL364,2022HU24120
HUL364,2022HU24121
HUL364,2022HU24122
HUL364,2022HU24123
HUL364,2022HU24124
HUL364,2022HU24125
HUL364,2022HU24126
HUL364,2022HU24127
HUL364,2022HU24128
HUL364,2022HU24129
HUL364,2022HU24130
HUL364,2022HU24131
HUL364,2022HU24132
HUL364,2022HU24133
HUL364,2022HU24134
HUL364,2022HU24135
HUL364,2022HU24136
HUL364,2022HU24137
HUL364,2022HU24138
HUL364,2022HU24139
HUL364,2022HU24140
HUL364,2022HU24141
HUL364,2022HU24142
HUL315,2022HU24143
HUL315,2022HU24144
HUL315,2022HU24145
HUL315,2022HU24146
HUL315,2022HU24147
HUL315,2022HU24148
HUL315,2022HU24149
HUL315,2022HU24150
HUL315,2022HU24151
HUL315,2022HU24152
HUL315,2022HU24153
HUL315,2022HU24154
HUL315,2022HU24155
HUL315,2022HU24156
HUL315,2022HU24157
HUL315,2022HU24158
HUL315,2022HU24159
HUL315,2022HU24160
HUL315,2022HU24161
HUL315,2022HU24162
HUL315,2022HU24163
HUL315,2022HU24164
HUL315,2022HU24165
HUL315,2022HU24166
HUL315,2022HU24167
HUL315,2022HU24168
HUL315,2022HU24169
HUL315,2022HU24170
HUL315,2022HU24171
HUL315,2022HU24172
HUL315,2022HU24173
HUL315,2022HU24174
HUL315,2022HU24175
HUL315,2022HU24176
HUL315,2022HU24177
HUL315,2022HU24178
HUL315,2022HU24179
HUL315,2022HU24180
HUL315,2022HU24181
HUL315,2022HU24182
HUL315,2022HU24183
HUL315,2022HU24184
HUL315,2022HU24185
HUL315,2022HU24186
HUL315,2022HU24187
HUL315,2022HU24188
HUL315,2022HU24189
HUL315,2022HU24190
HUL315,2022HU24191
HUL315,2022HU24192
HUL315,2022HU24193
HUL315,2022HU24194
HUL315,2022HU24195
HUL315,2022HU24196
HUL315,2022HU24197
HUL315,2022HU24198
HUL315,2022HU24199
HUL315,2022HU24200
HUL315,2022HU24201
HUL315,2022HU24202
HUL315,2022HU24203
HUL315,2022HU24204
HUL315,2022HU24205
HUL315,2022HU24206
HUL315,2022HU24207
HUL315,2022HU24208
HUL315,2022HU24209
HUL315,2022HU24210
HUL315,2022HU24211
HUL315,2022HU24212
HUL315,2022HU24213
HUL315,2022HU24214
HUL315,2022HU24215
HUL315,2022HU24216
HUL315,2022HU24217
HUL315,2022HU24218
HUL315,2022HU24219
HUL315,2022HU24220
HUL315,2022HU24221
HUL315,2022HU24222
HUL315,2022HU24223
CVL740,2022CV24224
CVL740,2022CV24225
CVL740,2022CV24226
CVL740,2022CV24227
CVL740,2022CV24228
CVL740,2022CV24229
CVL740,2022CV24230
CVL740,2022CV24231
CVL740,2022CV24232
CVL740,2022CV24233
CVL740,2022CV24234
CVL740,2022CV24235
CVL740,2022CV24236
CVL740,2022CV24237
CVL740,2022CV24238
CVL740,2022CV24239
CVL740,2022CV24240
CVL740,2022CV24241
CVL740,2022CV24242
CVL740,2022CV24243
CVL740,2022CV24244
CVL740,2022CV24245
